<?xml version="1.0" encoding="UTF-8"?>
<gpx version="1.1" creator="yangmingshan-marathon-gpx" xmlns="http://www.topografix.com/GPX/1/1">
  <metadata><name>2026 Taiwan National Park Marathon — Yangmingshan 42K</name></metadata>
  <trk>
    <name>2026 Taiwan National Park Marathon — Yangmingshan 42K</name>
    <trkseg>
      <trkpt lat="25.151313" lon="121.549706" />
      <trkpt lat="25.151266" lon="121.549912" />
      <trkpt lat="25.151234" lon="121.550069" />
      <trkpt lat="25.151188" lon="121.550186" />
      <trkpt lat="25.150784" lon="121.550840" />
      <trkpt lat="25.150624" lon="121.551016" />
      <trkpt lat="25.150516" lon="121.551108" />
      <trkpt lat="25.150402" lon="121.551188" />
      <trkpt lat="25.150322" lon="121.551243" />
      <trkpt lat="25.149850" lon="121.551545" />
      <trkpt lat="25.149728" lon="121.551653" />
      <trkpt lat="25.149691" lon="121.551744" />
      <trkpt lat="25.149668" lon="121.551860" />
      <trkpt lat="25.149703" lon="121.552016" />
      <trkpt lat="25.149803" lon="121.552148" />
      <trkpt lat="25.149815" lon="121.552256" />
      <trkpt lat="25.149796" lon="121.552336" />
      <trkpt lat="25.149747" lon="121.552460" />
      <trkpt lat="25.149666" lon="121.552572" />
      <trkpt lat="25.149637" lon="121.552650" />
      <trkpt lat="25.149655" lon="121.552757" />
      <trkpt lat="25.149704" lon="121.552837" />
      <trkpt lat="25.149875" lon="121.552983" />
      <trkpt lat="25.150636" lon="121.553557" />
      <trkpt lat="25.150733" lon="121.553652" />
      <trkpt lat="25.150877" lon="121.553815" />
      <trkpt lat="25.151080" lon="121.554127" />
      <trkpt lat="25.151489" lon="121.554654" />
      <trkpt lat="25.151669" lon="121.554919" />
      <trkpt lat="25.151884" lon="121.555260" />
      <trkpt lat="25.152089" lon="121.555751" />
      <trkpt lat="25.152179" lon="121.556002" />
      <trkpt lat="25.152240" lon="121.556153" />
      <trkpt lat="25.152249" lon="121.556302" />
      <trkpt lat="25.152211" lon="121.556382" />
      <trkpt lat="25.152157" lon="121.556440" />
      <trkpt lat="25.152094" lon="121.556473" />
      <trkpt lat="25.152022" lon="121.556477" />
      <trkpt lat="25.151969" lon="121.556459" />
      <trkpt lat="25.151925" lon="121.556440" />
      <trkpt lat="25.151865" lon="121.556349" />
      <trkpt lat="25.151849" lon="121.556212" />
      <trkpt lat="25.151876" lon="121.556010" />
      <trkpt lat="25.151835" lon="121.555852" />
      <trkpt lat="25.151735" lon="121.555707" />
      <trkpt lat="25.151527" lon="121.555500" />
      <trkpt lat="25.150733" lon="121.555102" />
      <trkpt lat="25.150637" lon="121.555060" />
      <trkpt lat="25.150540" lon="121.555067" />
      <trkpt lat="25.150413" lon="121.555121" />
      <trkpt lat="25.150408" lon="121.555123" />
      <trkpt lat="25.150357" lon="121.555211" />
      <trkpt lat="25.150325" lon="121.555323" />
      <trkpt lat="25.150339" lon="121.555629" />
      <trkpt lat="25.150353" lon="121.555807" />
      <trkpt lat="25.150416" lon="121.555943" />
      <trkpt lat="25.150534" lon="121.556020" />
      <trkpt lat="25.150793" lon="121.556111" />
      <trkpt lat="25.150898" lon="121.556178" />
      <trkpt lat="25.150949" lon="121.556270" />
      <trkpt lat="25.150942" lon="121.556380" />
      <trkpt lat="25.150886" lon="121.556756" />
      <trkpt lat="25.150884" lon="121.557017" />
      <trkpt lat="25.150939" lon="121.557243" />
      <trkpt lat="25.151017" lon="121.557368" />
      <trkpt lat="25.151204" lon="121.557601" />
      <trkpt lat="25.151323" lon="121.557740" />
      <trkpt lat="25.151422" lon="121.557952" />
      <trkpt lat="25.151556" lon="121.558253" />
      <trkpt lat="25.151661" lon="121.558411" />
      <trkpt lat="25.151683" lon="121.558445" />
      <trkpt lat="25.151726" lon="121.558644" />
      <trkpt lat="25.151765" lon="121.558816" />
      <trkpt lat="25.151774" lon="121.559068" />
      <trkpt lat="25.151766" lon="121.559327" />
      <trkpt lat="25.151699" lon="121.559801" />
      <trkpt lat="25.151688" lon="121.560558" />
      <trkpt lat="25.151665" lon="121.560811" />
      <trkpt lat="25.151647" lon="121.560950" />
      <trkpt lat="25.151537" lon="121.561267" />
      <trkpt lat="25.151448" lon="121.561539" />
      <trkpt lat="25.151403" lon="121.561675" />
      <trkpt lat="25.151276" lon="121.561878" />
      <trkpt lat="25.151395" lon="121.561967" />
      <trkpt lat="25.151513" lon="121.562023" />
      <trkpt lat="25.151677" lon="121.562058" />
      <trkpt lat="25.151848" lon="121.562101" />
      <trkpt lat="25.152173" lon="121.562196" />
      <trkpt lat="25.152843" lon="121.562399" />
      <trkpt lat="25.153068" lon="121.562435" />
      <trkpt lat="25.153247" lon="121.562498" />
      <trkpt lat="25.154039" lon="121.563181" />
      <trkpt lat="25.154094" lon="121.563204" />
      <trkpt lat="25.154154" lon="121.563221" />
      <trkpt lat="25.154169" lon="121.563218" />
      <trkpt lat="25.154221" lon="121.563209" />
      <trkpt lat="25.154269" lon="121.563178" />
      <trkpt lat="25.154474" lon="121.562899" />
      <trkpt lat="25.154495" lon="121.562830" />
      <trkpt lat="25.154505" lon="121.562746" />
      <trkpt lat="25.154489" lon="121.562685" />
      <trkpt lat="25.154388" lon="121.562435" />
      <trkpt lat="25.154376" lon="121.562364" />
      <trkpt lat="25.154377" lon="121.562283" />
      <trkpt lat="25.154394" lon="121.562182" />
      <trkpt lat="25.154427" lon="121.562115" />
      <trkpt lat="25.154466" lon="121.562067" />
      <trkpt lat="25.154511" lon="121.562037" />
      <trkpt lat="25.154553" lon="121.562029" />
      <trkpt lat="25.154619" lon="121.562037" />
      <trkpt lat="25.154690" lon="121.562072" />
      <trkpt lat="25.155149" lon="121.562370" />
      <trkpt lat="25.155296" lon="121.562427" />
      <trkpt lat="25.155445" lon="121.562410" />
      <trkpt lat="25.155601" lon="121.562280" />
      <trkpt lat="25.155690" lon="121.562178" />
      <trkpt lat="25.155802" lon="121.562138" />
      <trkpt lat="25.155964" lon="121.562161" />
      <trkpt lat="25.156110" lon="121.562171" />
      <trkpt lat="25.156228" lon="121.562137" />
      <trkpt lat="25.156296" lon="121.562101" />
      <trkpt lat="25.156378" lon="121.562040" />
      <trkpt lat="25.156384" lon="121.561900" />
      <trkpt lat="25.156314" lon="121.561611" />
      <trkpt lat="25.156334" lon="121.561533" />
      <trkpt lat="25.156382" lon="121.561484" />
      <trkpt lat="25.156447" lon="121.561463" />
      <trkpt lat="25.156564" lon="121.561503" />
      <trkpt lat="25.156927" lon="121.561755" />
      <trkpt lat="25.157035" lon="121.561856" />
      <trkpt lat="25.157151" lon="121.562041" />
      <trkpt lat="25.157216" lon="121.562211" />
      <trkpt lat="25.157239" lon="121.562311" />
      <trkpt lat="25.157192" lon="121.562461" />
      <trkpt lat="25.157092" lon="121.562580" />
      <trkpt lat="25.156922" lon="121.562716" />
      <trkpt lat="25.156880" lon="121.562761" />
      <trkpt lat="25.156853" lon="121.562842" />
      <trkpt lat="25.156816" lon="121.563217" />
      <trkpt lat="25.156846" lon="121.563342" />
      <trkpt lat="25.156930" lon="121.563437" />
      <trkpt lat="25.157202" lon="121.563580" />
      <trkpt lat="25.157311" lon="121.563613" />
      <trkpt lat="25.157429" lon="121.563615" />
      <trkpt lat="25.157614" lon="121.563555" />
      <trkpt lat="25.157784" lon="121.563493" />
      <trkpt lat="25.157864" lon="121.563485" />
      <trkpt lat="25.157917" lon="121.563534" />
      <trkpt lat="25.157914" lon="121.563644" />
      <trkpt lat="25.157824" lon="121.563764" />
      <trkpt lat="25.157744" lon="121.563831" />
      <trkpt lat="25.157693" lon="121.563918" />
      <trkpt lat="25.157704" lon="121.564028" />
      <trkpt lat="25.157985" lon="121.564295" />
      <trkpt lat="25.158051" lon="121.564416" />
      <trkpt lat="25.158076" lon="121.564521" />
      <trkpt lat="25.158073" lon="121.564831" />
      <trkpt lat="25.158097" lon="121.564953" />
      <trkpt lat="25.158151" lon="121.565081" />
      <trkpt lat="25.158246" lon="121.565176" />
      <trkpt lat="25.158413" lon="121.565258" />
      <trkpt lat="25.158502" lon="121.565265" />
      <trkpt lat="25.158873" lon="121.565291" />
      <trkpt lat="25.159140" lon="121.565418" />
      <trkpt lat="25.159235" lon="121.565403" />
      <trkpt lat="25.159304" lon="121.565282" />
      <trkpt lat="25.159333" lon="121.565149" />
      <trkpt lat="25.159286" lon="121.565036" />
      <trkpt lat="25.159160" lon="121.564831" />
      <trkpt lat="25.158979" lon="121.564631" />
      <trkpt lat="25.158828" lon="121.564437" />
      <trkpt lat="25.158782" lon="121.564316" />
      <trkpt lat="25.158789" lon="121.564224" />
      <trkpt lat="25.158820" lon="121.564141" />
      <trkpt lat="25.158896" lon="121.564065" />
      <trkpt lat="25.158961" lon="121.564038" />
      <trkpt lat="25.159032" lon="121.564056" />
      <trkpt lat="25.159163" lon="121.564270" />
      <trkpt lat="25.159235" lon="121.564342" />
      <trkpt lat="25.159330" lon="121.564382" />
      <trkpt lat="25.159485" lon="121.564407" />
      <trkpt lat="25.159829" lon="121.564339" />
      <trkpt lat="25.159941" lon="121.564362" />
      <trkpt lat="25.160033" lon="121.564425" />
      <trkpt lat="25.160105" lon="121.564507" />
      <trkpt lat="25.160273" lon="121.564811" />
      <trkpt lat="25.160422" lon="121.564887" />
      <trkpt lat="25.160675" lon="121.564997" />
      <trkpt lat="25.161027" lon="121.565142" />
      <trkpt lat="25.161167" lon="121.565156" />
      <trkpt lat="25.161249" lon="121.565122" />
      <trkpt lat="25.161376" lon="121.565067" />
      <trkpt lat="25.161491" lon="121.564902" />
      <trkpt lat="25.161601" lon="121.564664" />
      <trkpt lat="25.161705" lon="121.564491" />
      <trkpt lat="25.161921" lon="121.564376" />
      <trkpt lat="25.162329" lon="121.564225" />
      <trkpt lat="25.162526" lon="121.564110" />
      <trkpt lat="25.162858" lon="121.563857" />
      <trkpt lat="25.163067" lon="121.563563" />
      <trkpt lat="25.163193" lon="121.563467" />
      <trkpt lat="25.163362" lon="121.563400" />
      <trkpt lat="25.164183" lon="121.563281" />
      <trkpt lat="25.164467" lon="121.563269" />
      <trkpt lat="25.164647" lon="121.563256" />
      <trkpt lat="25.164838" lon="121.563218" />
      <trkpt lat="25.164991" lon="121.563274" />
      <trkpt lat="25.165116" lon="121.563363" />
      <trkpt lat="25.165248" lon="121.563518" />
      <trkpt lat="25.165333" lon="121.563583" />
      <trkpt lat="25.165419" lon="121.563598" />
      <trkpt lat="25.165653" lon="121.563595" />
      <trkpt lat="25.165759" lon="121.563566" />
      <trkpt lat="25.166192" lon="121.563378" />
      <trkpt lat="25.166256" lon="121.563345" />
      <trkpt lat="25.166363" lon="121.563243" />
      <trkpt lat="25.166658" lon="121.562948" />
      <trkpt lat="25.166756" lon="121.562860" />
      <trkpt lat="25.166943" lon="121.562816" />
      <trkpt lat="25.167092" lon="121.562830" />
      <trkpt lat="25.167258" lon="121.562867" />
      <trkpt lat="25.167373" lon="121.562918" />
      <trkpt lat="25.167565" lon="121.563082" />
      <trkpt lat="25.167617" lon="121.563243" />
      <trkpt lat="25.167872" lon="121.563580" />
      <trkpt lat="25.167958" lon="121.563668" />
      <trkpt lat="25.168005" lon="121.563720" />
      <trkpt lat="25.168050" lon="121.563721" />
      <trkpt lat="25.168141" lon="121.563833" />
      <trkpt lat="25.168253" lon="121.564035" />
      <trkpt lat="25.168369" lon="121.564336" />
      <trkpt lat="25.168388" lon="121.564457" />
      <trkpt lat="25.168330" lon="121.564830" />
      <trkpt lat="25.168273" lon="121.565033" />
      <trkpt lat="25.168253" lon="121.565161" />
      <trkpt lat="25.168261" lon="121.565288" />
      <trkpt lat="25.168294" lon="121.565468" />
      <trkpt lat="25.168343" lon="121.565787" />
      <trkpt lat="25.168318" lon="121.565985" />
      <trkpt lat="25.168223" lon="121.566341" />
      <trkpt lat="25.168159" lon="121.566462" />
      <trkpt lat="25.167996" lon="121.566643" />
      <trkpt lat="25.167897" lon="121.566725" />
      <trkpt lat="25.167729" lon="121.566859" />
      <trkpt lat="25.167280" lon="121.567112" />
      <trkpt lat="25.167232" lon="121.567175" />
      <trkpt lat="25.167209" lon="121.567248" />
      <trkpt lat="25.167215" lon="121.567335" />
      <trkpt lat="25.167243" lon="121.567394" />
      <trkpt lat="25.167424" lon="121.567703" />
      <trkpt lat="25.167453" lon="121.567795" />
      <trkpt lat="25.167472" lon="121.567889" />
      <trkpt lat="25.167466" lon="121.567942" />
      <trkpt lat="25.167425" lon="121.568012" />
      <trkpt lat="25.167360" lon="121.568034" />
      <trkpt lat="25.167022" lon="121.568024" />
      <trkpt lat="25.166911" lon="121.568084" />
      <trkpt lat="25.166736" lon="121.568210" />
      <trkpt lat="25.166662" lon="121.568303" />
      <trkpt lat="25.166681" lon="121.568505" />
      <trkpt lat="25.166714" lon="121.568647" />
      <trkpt lat="25.166779" lon="121.568801" />
      <trkpt lat="25.166882" lon="121.568991" />
      <trkpt lat="25.166935" lon="121.569031" />
      <trkpt lat="25.166979" lon="121.569048" />
      <trkpt lat="25.167138" lon="121.569104" />
      <trkpt lat="25.167200" lon="121.569160" />
      <trkpt lat="25.167330" lon="121.569311" />
      <trkpt lat="25.167379" lon="121.569405" />
      <trkpt lat="25.167384" lon="121.569458" />
      <trkpt lat="25.167385" lon="121.569498" />
      <trkpt lat="25.167380" lon="121.569535" />
      <trkpt lat="25.167366" lon="121.569575" />
      <trkpt lat="25.167343" lon="121.569617" />
      <trkpt lat="25.167292" lon="121.569691" />
      <trkpt lat="25.167245" lon="121.569762" />
      <trkpt lat="25.167208" lon="121.569832" />
      <trkpt lat="25.167177" lon="121.569901" />
      <trkpt lat="25.167151" lon="121.569971" />
      <trkpt lat="25.167125" lon="121.570057" />
      <trkpt lat="25.167105" lon="121.570167" />
      <trkpt lat="25.167088" lon="121.570269" />
      <trkpt lat="25.167055" lon="121.570385" />
      <trkpt lat="25.167024" lon="121.570452" />
      <trkpt lat="25.166936" lon="121.570526" />
      <trkpt lat="25.166927" lon="121.570531" />
      <trkpt lat="25.166936" lon="121.570526" />
      <trkpt lat="25.167024" lon="121.570452" />
      <trkpt lat="25.167055" lon="121.570385" />
      <trkpt lat="25.167088" lon="121.570269" />
      <trkpt lat="25.167105" lon="121.570167" />
      <trkpt lat="25.167125" lon="121.570057" />
      <trkpt lat="25.167151" lon="121.569971" />
      <trkpt lat="25.167177" lon="121.569901" />
      <trkpt lat="25.167208" lon="121.569832" />
      <trkpt lat="25.167245" lon="121.569762" />
      <trkpt lat="25.167292" lon="121.569691" />
      <trkpt lat="25.167343" lon="121.569617" />
      <trkpt lat="25.167366" lon="121.569575" />
      <trkpt lat="25.167380" lon="121.569535" />
      <trkpt lat="25.167385" lon="121.569498" />
      <trkpt lat="25.167384" lon="121.569458" />
      <trkpt lat="25.167379" lon="121.569405" />
      <trkpt lat="25.167330" lon="121.569311" />
      <trkpt lat="25.167200" lon="121.569160" />
      <trkpt lat="25.167138" lon="121.569104" />
      <trkpt lat="25.166979" lon="121.569048" />
      <trkpt lat="25.166935" lon="121.569031" />
      <trkpt lat="25.166882" lon="121.568991" />
      <trkpt lat="25.166779" lon="121.568801" />
      <trkpt lat="25.166714" lon="121.568647" />
      <trkpt lat="25.166681" lon="121.568505" />
      <trkpt lat="25.166662" lon="121.568303" />
      <trkpt lat="25.166736" lon="121.568210" />
      <trkpt lat="25.166911" lon="121.568084" />
      <trkpt lat="25.167022" lon="121.568024" />
      <trkpt lat="25.167360" lon="121.568034" />
      <trkpt lat="25.167425" lon="121.568012" />
      <trkpt lat="25.167466" lon="121.567942" />
      <trkpt lat="25.167472" lon="121.567889" />
      <trkpt lat="25.167453" lon="121.567795" />
      <trkpt lat="25.167424" lon="121.567703" />
      <trkpt lat="25.167243" lon="121.567394" />
      <trkpt lat="25.167215" lon="121.567335" />
      <trkpt lat="25.167209" lon="121.567248" />
      <trkpt lat="25.167232" lon="121.567175" />
      <trkpt lat="25.167280" lon="121.567112" />
      <trkpt lat="25.167729" lon="121.566859" />
      <trkpt lat="25.167897" lon="121.566725" />
      <trkpt lat="25.167996" lon="121.566643" />
      <trkpt lat="25.168159" lon="121.566462" />
      <trkpt lat="25.168223" lon="121.566341" />
      <trkpt lat="25.168318" lon="121.565985" />
      <trkpt lat="25.168343" lon="121.565787" />
      <trkpt lat="25.168294" lon="121.565468" />
      <trkpt lat="25.168261" lon="121.565288" />
      <trkpt lat="25.168253" lon="121.565161" />
      <trkpt lat="25.168273" lon="121.565033" />
      <trkpt lat="25.168330" lon="121.564830" />
      <trkpt lat="25.168388" lon="121.564457" />
      <trkpt lat="25.168369" lon="121.564336" />
      <trkpt lat="25.168253" lon="121.564035" />
      <trkpt lat="25.168141" lon="121.563833" />
      <trkpt lat="25.168050" lon="121.563721" />
      <trkpt lat="25.168043" lon="121.563692" />
      <trkpt lat="25.167969" lon="121.563596" />
      <trkpt lat="25.167672" lon="121.563210" />
      <trkpt lat="25.167565" lon="121.563082" />
      <trkpt lat="25.167373" lon="121.562918" />
      <trkpt lat="25.167258" lon="121.562867" />
      <trkpt lat="25.167092" lon="121.562830" />
      <trkpt lat="25.166943" lon="121.562816" />
      <trkpt lat="25.166756" lon="121.562860" />
      <trkpt lat="25.166658" lon="121.562948" />
      <trkpt lat="25.166363" lon="121.563243" />
      <trkpt lat="25.166256" lon="121.563345" />
      <trkpt lat="25.166192" lon="121.563378" />
      <trkpt lat="25.165759" lon="121.563566" />
      <trkpt lat="25.165653" lon="121.563595" />
      <trkpt lat="25.165419" lon="121.563598" />
      <trkpt lat="25.165333" lon="121.563583" />
      <trkpt lat="25.165248" lon="121.563518" />
      <trkpt lat="25.165116" lon="121.563363" />
      <trkpt lat="25.164991" lon="121.563274" />
      <trkpt lat="25.164838" lon="121.563218" />
      <trkpt lat="25.164647" lon="121.563256" />
      <trkpt lat="25.164467" lon="121.563269" />
      <trkpt lat="25.164183" lon="121.563281" />
      <trkpt lat="25.163362" lon="121.563400" />
      <trkpt lat="25.163193" lon="121.563467" />
      <trkpt lat="25.163067" lon="121.563563" />
      <trkpt lat="25.162858" lon="121.563857" />
      <trkpt lat="25.162526" lon="121.564110" />
      <trkpt lat="25.162329" lon="121.564225" />
      <trkpt lat="25.161921" lon="121.564376" />
      <trkpt lat="25.161705" lon="121.564491" />
      <trkpt lat="25.161601" lon="121.564664" />
      <trkpt lat="25.161491" lon="121.564902" />
      <trkpt lat="25.161376" lon="121.565067" />
      <trkpt lat="25.161249" lon="121.565122" />
      <trkpt lat="25.161167" lon="121.565156" />
      <trkpt lat="25.161027" lon="121.565142" />
      <trkpt lat="25.160675" lon="121.564997" />
      <trkpt lat="25.160422" lon="121.564887" />
      <trkpt lat="25.160273" lon="121.564811" />
      <trkpt lat="25.160105" lon="121.564507" />
      <trkpt lat="25.160033" lon="121.564425" />
      <trkpt lat="25.159941" lon="121.564362" />
      <trkpt lat="25.159829" lon="121.564339" />
      <trkpt lat="25.159485" lon="121.564407" />
      <trkpt lat="25.159330" lon="121.564382" />
      <trkpt lat="25.159235" lon="121.564342" />
      <trkpt lat="25.159163" lon="121.564270" />
      <trkpt lat="25.159032" lon="121.564056" />
      <trkpt lat="25.158961" lon="121.564038" />
      <trkpt lat="25.158896" lon="121.564065" />
      <trkpt lat="25.158820" lon="121.564141" />
      <trkpt lat="25.158789" lon="121.564224" />
      <trkpt lat="25.158782" lon="121.564316" />
      <trkpt lat="25.158828" lon="121.564437" />
      <trkpt lat="25.158979" lon="121.564631" />
      <trkpt lat="25.159160" lon="121.564831" />
      <trkpt lat="25.159286" lon="121.565036" />
      <trkpt lat="25.159333" lon="121.565149" />
      <trkpt lat="25.159304" lon="121.565282" />
      <trkpt lat="25.159235" lon="121.565403" />
      <trkpt lat="25.159140" lon="121.565418" />
      <trkpt lat="25.158873" lon="121.565291" />
      <trkpt lat="25.158502" lon="121.565265" />
      <trkpt lat="25.158413" lon="121.565258" />
      <trkpt lat="25.158246" lon="121.565176" />
      <trkpt lat="25.158151" lon="121.565081" />
      <trkpt lat="25.158097" lon="121.564953" />
      <trkpt lat="25.158073" lon="121.564831" />
      <trkpt lat="25.158076" lon="121.564521" />
      <trkpt lat="25.158051" lon="121.564416" />
      <trkpt lat="25.157985" lon="121.564295" />
      <trkpt lat="25.157704" lon="121.564028" />
      <trkpt lat="25.157693" lon="121.563918" />
      <trkpt lat="25.157744" lon="121.563831" />
      <trkpt lat="25.157824" lon="121.563764" />
      <trkpt lat="25.157914" lon="121.563644" />
      <trkpt lat="25.157917" lon="121.563534" />
      <trkpt lat="25.157864" lon="121.563485" />
      <trkpt lat="25.157784" lon="121.563493" />
      <trkpt lat="25.157614" lon="121.563555" />
      <trkpt lat="25.157429" lon="121.563615" />
      <trkpt lat="25.157311" lon="121.563613" />
      <trkpt lat="25.157202" lon="121.563580" />
      <trkpt lat="25.156930" lon="121.563437" />
      <trkpt lat="25.156846" lon="121.563342" />
      <trkpt lat="25.156816" lon="121.563217" />
      <trkpt lat="25.156853" lon="121.562842" />
      <trkpt lat="25.156880" lon="121.562761" />
      <trkpt lat="25.156922" lon="121.562716" />
      <trkpt lat="25.157092" lon="121.562580" />
      <trkpt lat="25.157192" lon="121.562461" />
      <trkpt lat="25.157239" lon="121.562311" />
      <trkpt lat="25.157216" lon="121.562211" />
      <trkpt lat="25.157151" lon="121.562041" />
      <trkpt lat="25.157035" lon="121.561856" />
      <trkpt lat="25.156927" lon="121.561755" />
      <trkpt lat="25.156564" lon="121.561503" />
      <trkpt lat="25.156447" lon="121.561463" />
      <trkpt lat="25.156382" lon="121.561484" />
      <trkpt lat="25.156334" lon="121.561533" />
      <trkpt lat="25.156314" lon="121.561611" />
      <trkpt lat="25.156384" lon="121.561900" />
      <trkpt lat="25.156378" lon="121.562040" />
      <trkpt lat="25.156296" lon="121.562101" />
      <trkpt lat="25.156228" lon="121.562137" />
      <trkpt lat="25.156110" lon="121.562171" />
      <trkpt lat="25.155964" lon="121.562161" />
      <trkpt lat="25.155802" lon="121.562138" />
      <trkpt lat="25.155690" lon="121.562178" />
      <trkpt lat="25.155601" lon="121.562280" />
      <trkpt lat="25.155445" lon="121.562410" />
      <trkpt lat="25.155296" lon="121.562427" />
      <trkpt lat="25.155149" lon="121.562370" />
      <trkpt lat="25.154690" lon="121.562072" />
      <trkpt lat="25.154619" lon="121.562037" />
      <trkpt lat="25.154553" lon="121.562029" />
      <trkpt lat="25.154511" lon="121.562037" />
      <trkpt lat="25.154466" lon="121.562067" />
      <trkpt lat="25.154427" lon="121.562115" />
      <trkpt lat="25.154394" lon="121.562182" />
      <trkpt lat="25.154377" lon="121.562283" />
      <trkpt lat="25.154376" lon="121.562364" />
      <trkpt lat="25.154388" lon="121.562435" />
      <trkpt lat="25.154489" lon="121.562685" />
      <trkpt lat="25.154505" lon="121.562746" />
      <trkpt lat="25.154495" lon="121.562830" />
      <trkpt lat="25.154474" lon="121.562899" />
      <trkpt lat="25.154269" lon="121.563178" />
      <trkpt lat="25.154221" lon="121.563209" />
      <trkpt lat="25.154169" lon="121.563218" />
      <trkpt lat="25.154221" lon="121.563209" />
      <trkpt lat="25.154269" lon="121.563178" />
      <trkpt lat="25.154474" lon="121.562899" />
      <trkpt lat="25.154495" lon="121.562830" />
      <trkpt lat="25.154505" lon="121.562746" />
      <trkpt lat="25.154489" lon="121.562685" />
      <trkpt lat="25.154388" lon="121.562435" />
      <trkpt lat="25.154376" lon="121.562364" />
      <trkpt lat="25.154377" lon="121.562283" />
      <trkpt lat="25.154394" lon="121.562182" />
      <trkpt lat="25.154427" lon="121.562115" />
      <trkpt lat="25.154466" lon="121.562067" />
      <trkpt lat="25.154511" lon="121.562037" />
      <trkpt lat="25.154553" lon="121.562029" />
      <trkpt lat="25.154619" lon="121.562037" />
      <trkpt lat="25.154690" lon="121.562072" />
      <trkpt lat="25.155149" lon="121.562370" />
      <trkpt lat="25.155296" lon="121.562427" />
      <trkpt lat="25.155445" lon="121.562410" />
      <trkpt lat="25.155601" lon="121.562280" />
      <trkpt lat="25.155690" lon="121.562178" />
      <trkpt lat="25.155802" lon="121.562138" />
      <trkpt lat="25.155964" lon="121.562161" />
      <trkpt lat="25.156110" lon="121.562171" />
      <trkpt lat="25.156228" lon="121.562137" />
      <trkpt lat="25.156296" lon="121.562101" />
      <trkpt lat="25.156378" lon="121.562040" />
      <trkpt lat="25.156384" lon="121.561900" />
      <trkpt lat="25.156314" lon="121.561611" />
      <trkpt lat="25.156334" lon="121.561533" />
      <trkpt lat="25.156382" lon="121.561484" />
      <trkpt lat="25.156447" lon="121.561463" />
      <trkpt lat="25.156564" lon="121.561503" />
      <trkpt lat="25.156927" lon="121.561755" />
      <trkpt lat="25.157035" lon="121.561856" />
      <trkpt lat="25.157151" lon="121.562041" />
      <trkpt lat="25.157216" lon="121.562211" />
      <trkpt lat="25.157239" lon="121.562311" />
      <trkpt lat="25.157192" lon="121.562461" />
      <trkpt lat="25.157092" lon="121.562580" />
      <trkpt lat="25.156922" lon="121.562716" />
      <trkpt lat="25.156880" lon="121.562761" />
      <trkpt lat="25.156853" lon="121.562842" />
      <trkpt lat="25.156816" lon="121.563217" />
      <trkpt lat="25.156846" lon="121.563342" />
      <trkpt lat="25.156930" lon="121.563437" />
      <trkpt lat="25.157202" lon="121.563580" />
      <trkpt lat="25.157311" lon="121.563613" />
      <trkpt lat="25.157429" lon="121.563615" />
      <trkpt lat="25.157614" lon="121.563555" />
      <trkpt lat="25.157784" lon="121.563493" />
      <trkpt lat="25.157864" lon="121.563485" />
      <trkpt lat="25.157917" lon="121.563534" />
      <trkpt lat="25.157914" lon="121.563644" />
      <trkpt lat="25.157824" lon="121.563764" />
      <trkpt lat="25.157744" lon="121.563831" />
      <trkpt lat="25.157693" lon="121.563918" />
      <trkpt lat="25.157704" lon="121.564028" />
      <trkpt lat="25.157985" lon="121.564295" />
      <trkpt lat="25.158051" lon="121.564416" />
      <trkpt lat="25.158076" lon="121.564521" />
      <trkpt lat="25.158073" lon="121.564831" />
      <trkpt lat="25.158097" lon="121.564953" />
      <trkpt lat="25.158151" lon="121.565081" />
      <trkpt lat="25.158246" lon="121.565176" />
      <trkpt lat="25.158413" lon="121.565258" />
      <trkpt lat="25.158502" lon="121.565265" />
      <trkpt lat="25.158873" lon="121.565291" />
      <trkpt lat="25.159140" lon="121.565418" />
      <trkpt lat="25.159235" lon="121.565403" />
      <trkpt lat="25.159304" lon="121.565282" />
      <trkpt lat="25.159333" lon="121.565149" />
      <trkpt lat="25.159286" lon="121.565036" />
      <trkpt lat="25.159160" lon="121.564831" />
      <trkpt lat="25.158979" lon="121.564631" />
      <trkpt lat="25.158828" lon="121.564437" />
      <trkpt lat="25.158782" lon="121.564316" />
      <trkpt lat="25.158789" lon="121.564224" />
      <trkpt lat="25.158820" lon="121.564141" />
      <trkpt lat="25.158896" lon="121.564065" />
      <trkpt lat="25.158961" lon="121.564038" />
      <trkpt lat="25.159032" lon="121.564056" />
      <trkpt lat="25.159163" lon="121.564270" />
      <trkpt lat="25.159235" lon="121.564342" />
      <trkpt lat="25.159330" lon="121.564382" />
      <trkpt lat="25.159485" lon="121.564407" />
      <trkpt lat="25.159829" lon="121.564339" />
      <trkpt lat="25.159941" lon="121.564362" />
      <trkpt lat="25.160033" lon="121.564425" />
      <trkpt lat="25.160105" lon="121.564507" />
      <trkpt lat="25.160273" lon="121.564811" />
      <trkpt lat="25.160422" lon="121.564887" />
      <trkpt lat="25.160675" lon="121.564997" />
      <trkpt lat="25.161027" lon="121.565142" />
      <trkpt lat="25.161167" lon="121.565156" />
      <trkpt lat="25.161249" lon="121.565122" />
      <trkpt lat="25.161376" lon="121.565067" />
      <trkpt lat="25.161491" lon="121.564902" />
      <trkpt lat="25.161601" lon="121.564664" />
      <trkpt lat="25.161705" lon="121.564491" />
      <trkpt lat="25.161921" lon="121.564376" />
      <trkpt lat="25.162329" lon="121.564225" />
      <trkpt lat="25.162526" lon="121.564110" />
      <trkpt lat="25.162858" lon="121.563857" />
      <trkpt lat="25.163067" lon="121.563563" />
      <trkpt lat="25.163193" lon="121.563467" />
      <trkpt lat="25.163362" lon="121.563400" />
      <trkpt lat="25.164183" lon="121.563281" />
      <trkpt lat="25.164467" lon="121.563269" />
      <trkpt lat="25.164647" lon="121.563256" />
      <trkpt lat="25.164838" lon="121.563218" />
      <trkpt lat="25.164991" lon="121.563274" />
      <trkpt lat="25.165116" lon="121.563363" />
      <trkpt lat="25.165248" lon="121.563518" />
      <trkpt lat="25.165333" lon="121.563583" />
      <trkpt lat="25.165419" lon="121.563598" />
      <trkpt lat="25.165653" lon="121.563595" />
      <trkpt lat="25.165759" lon="121.563566" />
      <trkpt lat="25.166192" lon="121.563378" />
      <trkpt lat="25.166256" lon="121.563345" />
      <trkpt lat="25.166363" lon="121.563243" />
      <trkpt lat="25.166658" lon="121.562948" />
      <trkpt lat="25.166756" lon="121.562860" />
      <trkpt lat="25.166943" lon="121.562816" />
      <trkpt lat="25.167092" lon="121.562830" />
      <trkpt lat="25.167258" lon="121.562867" />
      <trkpt lat="25.167373" lon="121.562918" />
      <trkpt lat="25.167565" lon="121.563082" />
      <trkpt lat="25.167807" lon="121.562958" />
      <trkpt lat="25.167917" lon="121.562918" />
      <trkpt lat="25.168018" lon="121.562923" />
      <trkpt lat="25.168086" lon="121.562960" />
      <trkpt lat="25.168214" lon="121.563090" />
      <trkpt lat="25.168278" lon="121.563090" />
      <trkpt lat="25.168300" lon="121.563069" />
      <trkpt lat="25.168312" lon="121.563005" />
      <trkpt lat="25.168283" lon="121.562905" />
      <trkpt lat="25.168257" lon="121.562838" />
      <trkpt lat="25.168154" lon="121.562734" />
      <trkpt lat="25.168110" lon="121.562653" />
      <trkpt lat="25.168006" lon="121.562366" />
      <trkpt lat="25.168020" lon="121.562319" />
      <trkpt lat="25.168062" lon="121.562275" />
      <trkpt lat="25.168090" lon="121.562263" />
      <trkpt lat="25.168128" lon="121.562266" />
      <trkpt lat="25.168178" lon="121.562308" />
      <trkpt lat="25.168262" lon="121.562498" />
      <trkpt lat="25.168335" lon="121.562590" />
      <trkpt lat="25.168428" lon="121.562658" />
      <trkpt lat="25.168721" lon="121.562843" />
      <trkpt lat="25.168826" lon="121.562905" />
      <trkpt lat="25.168914" lon="121.562914" />
      <trkpt lat="25.168998" lon="121.562905" />
      <trkpt lat="25.169126" lon="121.562884" />
      <trkpt lat="25.169181" lon="121.562851" />
      <trkpt lat="25.169219" lon="121.562790" />
      <trkpt lat="25.169249" lon="121.562712" />
      <trkpt lat="25.169249" lon="121.562562" />
      <trkpt lat="25.169170" lon="121.562398" />
      <trkpt lat="25.169152" lon="121.562339" />
      <trkpt lat="25.169147" lon="121.562232" />
      <trkpt lat="25.169240" lon="121.561973" />
      <trkpt lat="25.169317" lon="121.561781" />
      <trkpt lat="25.169444" lon="121.561632" />
      <trkpt lat="25.169593" lon="121.561523" />
      <trkpt lat="25.169777" lon="121.561460" />
      <trkpt lat="25.169846" lon="121.561417" />
      <trkpt lat="25.169915" lon="121.561333" />
      <trkpt lat="25.169974" lon="121.561203" />
      <trkpt lat="25.170053" lon="121.561093" />
      <trkpt lat="25.170117" lon="121.561026" />
      <trkpt lat="25.170339" lon="121.560905" />
      <trkpt lat="25.170464" lon="121.560824" />
      <trkpt lat="25.170598" lon="121.560636" />
      <trkpt lat="25.170766" lon="121.560538" />
      <trkpt lat="25.171285" lon="121.560115" />
      <trkpt lat="25.171422" lon="121.559999" />
      <trkpt lat="25.171630" lon="121.559837" />
      <trkpt lat="25.171717" lon="121.559762" />
      <trkpt lat="25.171856" lon="121.559695" />
      <trkpt lat="25.172130" lon="121.559663" />
      <trkpt lat="25.172540" lon="121.559540" />
      <trkpt lat="25.172739" lon="121.559462" />
      <trkpt lat="25.172978" lon="121.559281" />
      <trkpt lat="25.173136" lon="121.559196" />
      <trkpt lat="25.173376" lon="121.559171" />
      <trkpt lat="25.173599" lon="121.559204" />
      <trkpt lat="25.173775" lon="121.559178" />
      <trkpt lat="25.173937" lon="121.559113" />
      <trkpt lat="25.174126" lon="121.558989" />
      <trkpt lat="25.174210" lon="121.558885" />
      <trkpt lat="25.174250" lon="121.558792" />
      <trkpt lat="25.174326" lon="121.558496" />
      <trkpt lat="25.174393" lon="121.558396" />
      <trkpt lat="25.174486" lon="121.558294" />
      <trkpt lat="25.174645" lon="121.558204" />
      <trkpt lat="25.174792" lon="121.558164" />
      <trkpt lat="25.174991" lon="121.558193" />
      <trkpt lat="25.175172" lon="121.558159" />
      <trkpt lat="25.175297" lon="121.558146" />
      <trkpt lat="25.175407" lon="121.558176" />
      <trkpt lat="25.175530" lon="121.558241" />
      <trkpt lat="25.175624" lon="121.558332" />
      <trkpt lat="25.175709" lon="121.558398" />
      <trkpt lat="25.175785" lon="121.558444" />
      <trkpt lat="25.175859" lon="121.558454" />
      <trkpt lat="25.175945" lon="121.558421" />
      <trkpt lat="25.176038" lon="121.558351" />
      <trkpt lat="25.176166" lon="121.558308" />
      <trkpt lat="25.176277" lon="121.558286" />
      <trkpt lat="25.176398" lon="121.558196" />
      <trkpt lat="25.176490" lon="121.558074" />
      <trkpt lat="25.176609" lon="121.557969" />
      <trkpt lat="25.176735" lon="121.557896" />
      <trkpt lat="25.176834" lon="121.557858" />
      <trkpt lat="25.176918" lon="121.557816" />
      <trkpt lat="25.177038" lon="121.557648" />
      <trkpt lat="25.177124" lon="121.557480" />
      <trkpt lat="25.177274" lon="121.557348" />
      <trkpt lat="25.177610" lon="121.557206" />
      <trkpt lat="25.177696" lon="121.557288" />
      <trkpt lat="25.177819" lon="121.557324" />
      <trkpt lat="25.177882" lon="121.557324" />
      <trkpt lat="25.178011" lon="121.557281" />
      <trkpt lat="25.178446" lon="121.557032" />
      <trkpt lat="25.178684" lon="121.556923" />
      <trkpt lat="25.178974" lon="121.556862" />
      <trkpt lat="25.179076" lon="121.556833" />
      <trkpt lat="25.179162" lon="121.556804" />
      <trkpt lat="25.179252" lon="121.556740" />
      <trkpt lat="25.179355" lon="121.556597" />
      <trkpt lat="25.179529" lon="121.556176" />
      <trkpt lat="25.179593" lon="121.556090" />
      <trkpt lat="25.179730" lon="121.556031" />
      <trkpt lat="25.180085" lon="121.555996" />
      <trkpt lat="25.180235" lon="121.555910" />
      <trkpt lat="25.180278" lon="121.555846" />
      <trkpt lat="25.180371" lon="121.555716" />
      <trkpt lat="25.180505" lon="121.555497" />
      <trkpt lat="25.180557" lon="121.555417" />
      <trkpt lat="25.180643" lon="121.555352" />
      <trkpt lat="25.180879" lon="121.555202" />
      <trkpt lat="25.181029" lon="121.555095" />
      <trkpt lat="25.181115" lon="121.554966" />
      <trkpt lat="25.181136" lon="121.554880" />
      <trkpt lat="25.181136" lon="121.554751" />
      <trkpt lat="25.181136" lon="121.554430" />
      <trkpt lat="25.181158" lon="121.554344" />
      <trkpt lat="25.181179" lon="121.554279" />
      <trkpt lat="25.181286" lon="121.554172" />
      <trkpt lat="25.181415" lon="121.554151" />
      <trkpt lat="25.181501" lon="121.554172" />
      <trkpt lat="25.181587" lon="121.554236" />
      <trkpt lat="25.181651" lon="121.554301" />
      <trkpt lat="25.181673" lon="121.554408" />
      <trkpt lat="25.181651" lon="121.554472" />
      <trkpt lat="25.181612" lon="121.554607" />
      <trkpt lat="25.180943" lon="121.555502" />
      <trkpt lat="25.180879" lon="121.555610" />
      <trkpt lat="25.180814" lon="121.555781" />
      <trkpt lat="25.180793" lon="121.555910" />
      <trkpt lat="25.180814" lon="121.556103" />
      <trkpt lat="25.180836" lon="121.556211" />
      <trkpt lat="25.181179" lon="121.557069" />
      <trkpt lat="25.181286" lon="121.557434" />
      <trkpt lat="25.181329" lon="121.557670" />
      <trkpt lat="25.181308" lon="121.558485" />
      <trkpt lat="25.181329" lon="121.558592" />
      <trkpt lat="25.181358" lon="121.558675" />
      <trkpt lat="25.181410" lon="121.558739" />
      <trkpt lat="25.181480" lon="121.558793" />
      <trkpt lat="25.181542" lon="121.558827" />
      <trkpt lat="25.181597" lon="121.558837" />
      <trkpt lat="25.181670" lon="121.558840" />
      <trkpt lat="25.181780" lon="121.558762" />
      <trkpt lat="25.181872" lon="121.558649" />
      <trkpt lat="25.181936" lon="121.558477" />
      <trkpt lat="25.182001" lon="121.558155" />
      <trkpt lat="25.182022" lon="121.557983" />
      <trkpt lat="25.182044" lon="121.557769" />
      <trkpt lat="25.181990" lon="121.557305" />
      <trkpt lat="25.181991" lon="121.557210" />
      <trkpt lat="25.182027" lon="121.557105" />
      <trkpt lat="25.182100" lon="121.557001" />
      <trkpt lat="25.182171" lon="121.556939" />
      <trkpt lat="25.182703" lon="121.556618" />
      <trkpt lat="25.182789" lon="121.556571" />
      <trkpt lat="25.182974" lon="121.556510" />
      <trkpt lat="25.183134" lon="121.556490" />
      <trkpt lat="25.183416" lon="121.556459" />
      <trkpt lat="25.184196" lon="121.556532" />
      <trkpt lat="25.184461" lon="121.556581" />
      <trkpt lat="25.184711" lon="121.556690" />
      <trkpt lat="25.184874" lon="121.556769" />
      <trkpt lat="25.184968" lon="121.556839" />
      <trkpt lat="25.185038" lon="121.556913" />
      <trkpt lat="25.185096" lon="121.557004" />
      <trkpt lat="25.185159" lon="121.557157" />
      <trkpt lat="25.185193" lon="121.557289" />
      <trkpt lat="25.185200" lon="121.557450" />
      <trkpt lat="25.185169" lon="121.557586" />
      <trkpt lat="25.185125" lon="121.557676" />
      <trkpt lat="25.184848" lon="121.558142" />
      <trkpt lat="25.184743" lon="121.558280" />
      <trkpt lat="25.184664" lon="121.558329" />
      <trkpt lat="25.184613" lon="121.558339" />
      <trkpt lat="25.184492" lon="121.558319" />
      <trkpt lat="25.184400" lon="121.558258" />
      <trkpt lat="25.184144" lon="121.557977" />
      <trkpt lat="25.184041" lon="121.557910" />
      <trkpt lat="25.183948" lon="121.557893" />
      <trkpt lat="25.183776" lon="121.557895" />
      <trkpt lat="25.183363" lon="121.557960" />
      <trkpt lat="25.183202" lon="121.557983" />
      <trkpt lat="25.183025" lon="121.558006" />
      <trkpt lat="25.182915" lon="121.558032" />
      <trkpt lat="25.182831" lon="121.558081" />
      <trkpt lat="25.182769" lon="121.558156" />
      <trkpt lat="25.182707" lon="121.558281" />
      <trkpt lat="25.182638" lon="121.558743" />
      <trkpt lat="25.182650" lon="121.558910" />
      <trkpt lat="25.182660" lon="121.558968" />
      <trkpt lat="25.182893" lon="121.559642" />
      <trkpt lat="25.182913" lon="121.559807" />
      <trkpt lat="25.182899" lon="121.559986" />
      <trkpt lat="25.182853" lon="121.560113" />
      <trkpt lat="25.182672" lon="121.560396" />
      <trkpt lat="25.182587" lon="121.560493" />
      <trkpt lat="25.182445" lon="121.560568" />
      <trkpt lat="25.182429" lon="121.560576" />
      <trkpt lat="25.181521" lon="121.560935" />
      <trkpt lat="25.181384" lon="121.560947" />
      <trkpt lat="25.181083" lon="121.560862" />
      <trkpt lat="25.181011" lon="121.560856" />
      <trkpt lat="25.180947" lon="121.560878" />
      <trkpt lat="25.180883" lon="121.560920" />
      <trkpt lat="25.180840" lon="121.560985" />
      <trkpt lat="25.180819" lon="121.561091" />
      <trkpt lat="25.180819" lon="121.561321" />
      <trkpt lat="25.180804" lon="121.561444" />
      <trkpt lat="25.180770" lon="121.561539" />
      <trkpt lat="25.180687" lon="121.561643" />
      <trkpt lat="25.180560" lon="121.561704" />
      <trkpt lat="25.180360" lon="121.561768" />
      <trkpt lat="25.180240" lon="121.561838" />
      <trkpt lat="25.180203" lon="121.561889" />
      <trkpt lat="25.180146" lon="121.561973" />
      <trkpt lat="25.179922" lon="121.562237" />
      <trkpt lat="25.179816" lon="121.562323" />
      <trkpt lat="25.179721" lon="121.562376" />
      <trkpt lat="25.179577" lon="121.562405" />
      <trkpt lat="25.179299" lon="121.562428" />
      <trkpt lat="25.179145" lon="121.562448" />
      <trkpt lat="25.178793" lon="121.562488" />
      <trkpt lat="25.178691" lon="121.562522" />
      <trkpt lat="25.178614" lon="121.562541" />
      <trkpt lat="25.178562" lon="121.562632" />
      <trkpt lat="25.178055" lon="121.563566" />
      <trkpt lat="25.177604" lon="121.564354" />
      <trkpt lat="25.177482" lon="121.564576" />
      <trkpt lat="25.177414" lon="121.564731" />
      <trkpt lat="25.177386" lon="121.564863" />
      <trkpt lat="25.177386" lon="121.564982" />
      <trkpt lat="25.177403" lon="121.565094" />
      <trkpt lat="25.177488" lon="121.565287" />
      <trkpt lat="25.177617" lon="121.565437" />
      <trkpt lat="25.177982" lon="121.565695" />
      <trkpt lat="25.178046" lon="121.565759" />
      <trkpt lat="25.178111" lon="121.565845" />
      <trkpt lat="25.178175" lon="121.565952" />
      <trkpt lat="25.178196" lon="121.566060" />
      <trkpt lat="25.178218" lon="121.566167" />
      <trkpt lat="25.178218" lon="121.566296" />
      <trkpt lat="25.178175" lon="121.566424" />
      <trkpt lat="25.178132" lon="121.566532" />
      <trkpt lat="25.178068" lon="121.566618" />
      <trkpt lat="25.177746" lon="121.566982" />
      <trkpt lat="25.177574" lon="121.567261" />
      <trkpt lat="25.177510" lon="121.567497" />
      <trkpt lat="25.177488" lon="121.567626" />
      <trkpt lat="25.177488" lon="121.567776" />
      <trkpt lat="25.177553" lon="121.567991" />
      <trkpt lat="25.177681" lon="121.568141" />
      <trkpt lat="25.177886" lon="121.568246" />
      <trkpt lat="25.178114" lon="121.568367" />
      <trkpt lat="25.178382" lon="121.568596" />
      <trkpt lat="25.179119" lon="121.569257" />
      <trkpt lat="25.179226" lon="121.569321" />
      <trkpt lat="25.179334" lon="121.569364" />
      <trkpt lat="25.179403" lon="121.569355" />
      <trkpt lat="25.179503" lon="121.569354" />
      <trkpt lat="25.179845" lon="121.569317" />
      <trkpt lat="25.179981" lon="121.569311" />
      <trkpt lat="25.180152" lon="121.569361" />
      <trkpt lat="25.180328" lon="121.569468" />
      <trkpt lat="25.180755" lon="121.569797" />
      <trkpt lat="25.180884" lon="121.569876" />
      <trkpt lat="25.181214" lon="121.569981" />
      <trkpt lat="25.181344" lon="121.570051" />
      <trkpt lat="25.181454" lon="121.570121" />
      <trkpt lat="25.181557" lon="121.570252" />
      <trkpt lat="25.181601" lon="121.570382" />
      <trkpt lat="25.181622" lon="121.570521" />
      <trkpt lat="25.181650" lon="121.570634" />
      <trkpt lat="25.181737" lon="121.570780" />
      <trkpt lat="25.181823" lon="121.570844" />
      <trkpt lat="25.181994" lon="121.570952" />
      <trkpt lat="25.182668" lon="121.571307" />
      <trkpt lat="25.182786" lon="121.571404" />
      <trkpt lat="25.182891" lon="121.571513" />
      <trkpt lat="25.182984" lon="121.571613" />
      <trkpt lat="25.183041" lon="121.571695" />
      <trkpt lat="25.183072" lon="121.571747" />
      <trkpt lat="25.183098" lon="121.571798" />
      <trkpt lat="25.183112" lon="121.571844" />
      <trkpt lat="25.183118" lon="121.571895" />
      <trkpt lat="25.183110" lon="121.571946" />
      <trkpt lat="25.183095" lon="121.571995" />
      <trkpt lat="25.183062" lon="121.572050" />
      <trkpt lat="25.183019" lon="121.572083" />
      <trkpt lat="25.182953" lon="121.572134" />
      <trkpt lat="25.182823" lon="121.572275" />
      <trkpt lat="25.182785" lon="121.572363" />
      <trkpt lat="25.182772" lon="121.572463" />
      <trkpt lat="25.182762" lon="121.572919" />
      <trkpt lat="25.182736" lon="121.573037" />
      <trkpt lat="25.182681" lon="121.573141" />
      <trkpt lat="25.182616" lon="121.573229" />
      <trkpt lat="25.182495" lon="121.573293" />
      <trkpt lat="25.182399" lon="121.573331" />
      <trkpt lat="25.182121" lon="121.573317" />
      <trkpt lat="25.181928" lon="121.573294" />
      <trkpt lat="25.181858" lon="121.573287" />
      <trkpt lat="25.181792" lon="121.573288" />
      <trkpt lat="25.181745" lon="121.573293" />
      <trkpt lat="25.181699" lon="121.573305" />
      <trkpt lat="25.181660" lon="121.573339" />
      <trkpt lat="25.181626" lon="121.573380" />
      <trkpt lat="25.181601" lon="121.573418" />
      <trkpt lat="25.181579" lon="121.573481" />
      <trkpt lat="25.181576" lon="121.573559" />
      <trkpt lat="25.181587" lon="121.573613" />
      <trkpt lat="25.181630" lon="121.573677" />
      <trkpt lat="25.181687" lon="121.573725" />
      <trkpt lat="25.181777" lon="121.573750" />
      <trkpt lat="25.181882" lon="121.573750" />
      <trkpt lat="25.182064" lon="121.573684" />
      <trkpt lat="25.182302" lon="121.573632" />
      <trkpt lat="25.182575" lon="121.573562" />
      <trkpt lat="25.182692" lon="121.573524" />
      <trkpt lat="25.182810" lon="121.573449" />
      <trkpt lat="25.182900" lon="121.573357" />
      <trkpt lat="25.182931" lon="121.573313" />
      <trkpt lat="25.182969" lon="121.573236" />
      <trkpt lat="25.183046" lon="121.572690" />
      <trkpt lat="25.183118" lon="121.572528" />
      <trkpt lat="25.183210" lon="121.572452" />
      <trkpt lat="25.183305" lon="121.572392" />
      <trkpt lat="25.183756" lon="121.572223" />
      <trkpt lat="25.183830" lon="121.572145" />
      <trkpt lat="25.183984" lon="121.571919" />
      <trkpt lat="25.184062" lon="121.571855" />
      <trkpt lat="25.184124" lon="121.571839" />
      <trkpt lat="25.184190" lon="121.571859" />
      <trkpt lat="25.184233" lon="121.571904" />
      <trkpt lat="25.184282" lon="121.571989" />
      <trkpt lat="25.184277" lon="121.572101" />
      <trkpt lat="25.184212" lon="121.572210" />
      <trkpt lat="25.184144" lon="121.572264" />
      <trkpt lat="25.184033" lon="121.572325" />
      <trkpt lat="25.183539" lon="121.572540" />
      <trkpt lat="25.183434" lon="121.572583" />
      <trkpt lat="25.183389" lon="121.572647" />
      <trkpt lat="25.183368" lon="121.572733" />
      <trkpt lat="25.183351" lon="121.572826" />
      <trkpt lat="25.183364" lon="121.573272" />
      <trkpt lat="25.183346" lon="121.573406" />
      <trkpt lat="25.183314" lon="121.573527" />
      <trkpt lat="25.183176" lon="121.573817" />
      <trkpt lat="25.182988" lon="121.574133" />
      <trkpt lat="25.182600" lon="121.574619" />
      <trkpt lat="25.182524" lon="121.574680" />
      <trkpt lat="25.182435" lon="121.574723" />
      <trkpt lat="25.182341" lon="121.574734" />
      <trkpt lat="25.181971" lon="121.574731" />
      <trkpt lat="25.181847" lon="121.574772" />
      <trkpt lat="25.181779" lon="121.574836" />
      <trkpt lat="25.181737" lon="121.574900" />
      <trkpt lat="25.181676" lon="121.575060" />
      <trkpt lat="25.181673" lon="121.575179" />
      <trkpt lat="25.181691" lon="121.575282" />
      <trkpt lat="25.181759" lon="121.575371" />
      <trkpt lat="25.181838" lon="121.575419" />
      <trkpt lat="25.181931" lon="121.575447" />
      <trkpt lat="25.182008" lon="121.575425" />
      <trkpt lat="25.182101" lon="121.575360" />
      <trkpt lat="25.182217" lon="121.575135" />
      <trkpt lat="25.182315" lon="121.575003" />
      <trkpt lat="25.182406" lon="121.574933" />
      <trkpt lat="25.182524" lon="121.574884" />
      <trkpt lat="25.182831" lon="121.574793" />
      <trkpt lat="25.183105" lon="121.574620" />
      <trkpt lat="25.183259" lon="121.574542" />
      <trkpt lat="25.183490" lon="121.574474" />
      <trkpt lat="25.183596" lon="121.574424" />
      <trkpt lat="25.183667" lon="121.574382" />
      <trkpt lat="25.183718" lon="121.574305" />
      <trkpt lat="25.183754" lon="121.574222" />
      <trkpt lat="25.183777" lon="121.573985" />
      <trkpt lat="25.183794" lon="121.573592" />
      <trkpt lat="25.183809" lon="121.573511" />
      <trkpt lat="25.183842" lon="121.573441" />
      <trkpt lat="25.183893" lon="121.573383" />
      <trkpt lat="25.183973" lon="121.573362" />
      <trkpt lat="25.184045" lon="121.573367" />
      <trkpt lat="25.184116" lon="121.573399" />
      <trkpt lat="25.184146" lon="121.573449" />
      <trkpt lat="25.184161" lon="121.573516" />
      <trkpt lat="25.184146" lon="121.573583" />
      <trkpt lat="25.184080" lon="121.573697" />
      <trkpt lat="25.184004" lon="121.573821" />
      <trkpt lat="25.183942" lon="121.573948" />
      <trkpt lat="25.183925" lon="121.574053" />
      <trkpt lat="25.183914" lon="121.574270" />
      <trkpt lat="25.183896" lon="121.574374" />
      <trkpt lat="25.183857" lon="121.574462" />
      <trkpt lat="25.183801" lon="121.574522" />
      <trkpt lat="25.183632" lon="121.574685" />
      <trkpt lat="25.183168" lon="121.575028" />
      <trkpt lat="25.182789" lon="121.575293" />
      <trkpt lat="25.182709" lon="121.575379" />
      <trkpt lat="25.182644" lon="121.575458" />
      <trkpt lat="25.182355" lon="121.575953" />
      <trkpt lat="25.182282" lon="121.576077" />
      <trkpt lat="25.182218" lon="121.576154" />
      <trkpt lat="25.182134" lon="121.576187" />
      <trkpt lat="25.182003" lon="121.576208" />
      <trkpt lat="25.181797" lon="121.576196" />
      <trkpt lat="25.181657" lon="121.576153" />
      <trkpt lat="25.181529" lon="121.576071" />
      <trkpt lat="25.181285" lon="121.575838" />
      <trkpt lat="25.181242" lon="121.575816" />
      <trkpt lat="25.181177" lon="121.575795" />
      <trkpt lat="25.180836" lon="121.575801" />
      <trkpt lat="25.180728" lon="121.575780" />
      <trkpt lat="25.180664" lon="121.575737" />
      <trkpt lat="25.180600" lon="121.575673" />
      <trkpt lat="25.180385" lon="121.575201" />
      <trkpt lat="25.180343" lon="121.575134" />
      <trkpt lat="25.180290" lon="121.575073" />
      <trkpt lat="25.180285" lon="121.575072" />
      <trkpt lat="25.180172" lon="121.575048" />
      <trkpt lat="25.180082" lon="121.575024" />
      <trkpt lat="25.180005" lon="121.575026" />
      <trkpt lat="25.179922" lon="121.575058" />
      <trkpt lat="25.179843" lon="121.575129" />
      <trkpt lat="25.179803" lon="121.575291" />
      <trkpt lat="25.179656" lon="121.575973" />
      <trkpt lat="25.179625" lon="121.576217" />
      <trkpt lat="25.179643" lon="121.576434" />
      <trkpt lat="25.179699" lon="121.576574" />
      <trkpt lat="25.180034" lon="121.577152" />
      <trkpt lat="25.180092" lon="121.577264" />
      <trkpt lat="25.180107" lon="121.577350" />
      <trkpt lat="25.180098" lon="121.577467" />
      <trkpt lat="25.179989" lon="121.577744" />
      <trkpt lat="25.179954" lon="121.577864" />
      <trkpt lat="25.179951" lon="121.577955" />
      <trkpt lat="25.179981" lon="121.578196" />
      <trkpt lat="25.179974" lon="121.578313" />
      <trkpt lat="25.179937" lon="121.578414" />
      <trkpt lat="25.179854" lon="121.578503" />
      <trkpt lat="25.179614" lon="121.578684" />
      <trkpt lat="25.179421" lon="121.578760" />
      <trkpt lat="25.179153" lon="121.578851" />
      <trkpt lat="25.178996" lon="121.578970" />
      <trkpt lat="25.178917" lon="121.579134" />
      <trkpt lat="25.178898" lon="121.579194" />
      <trkpt lat="25.178883" lon="121.579242" />
      <trkpt lat="25.178877" lon="121.579338" />
      <trkpt lat="25.178911" lon="121.579423" />
      <trkpt lat="25.178996" lon="121.579536" />
      <trkpt lat="25.179120" lon="121.579623" />
      <trkpt lat="25.179252" lon="121.579731" />
      <trkpt lat="25.179365" lon="121.579783" />
      <trkpt lat="25.179445" lon="121.579781" />
      <trkpt lat="25.179621" lon="121.579767" />
      <trkpt lat="25.179806" lon="121.579763" />
      <trkpt lat="25.179877" lon="121.579758" />
      <trkpt lat="25.179930" lon="121.579753" />
      <trkpt lat="25.180004" lon="121.579756" />
      <trkpt lat="25.180112" lon="121.579817" />
      <trkpt lat="25.180206" lon="121.579953" />
      <trkpt lat="25.180235" lon="121.580106" />
      <trkpt lat="25.180243" lon="121.580314" />
      <trkpt lat="25.180168" lon="121.580595" />
      <trkpt lat="25.180097" lon="121.580843" />
      <trkpt lat="25.179985" lon="121.581029" />
      <trkpt lat="25.179886" lon="121.581175" />
      <trkpt lat="25.179578" lon="121.581648" />
      <trkpt lat="25.179533" lon="121.581815" />
      <trkpt lat="25.179517" lon="121.582165" />
      <trkpt lat="25.179518" lon="121.582341" />
      <trkpt lat="25.179523" lon="121.582386" />
      <trkpt lat="25.179566" lon="121.582484" />
      <trkpt lat="25.179628" lon="121.582563" />
      <trkpt lat="25.179693" lon="121.582594" />
      <trkpt lat="25.179756" lon="121.582599" />
      <trkpt lat="25.179818" lon="121.582599" />
      <trkpt lat="25.179930" lon="121.582556" />
      <trkpt lat="25.180029" lon="121.582471" />
      <trkpt lat="25.180184" lon="121.582262" />
      <trkpt lat="25.180307" lon="121.582142" />
      <trkpt lat="25.180387" lon="121.582090" />
      <trkpt lat="25.180953" lon="121.581873" />
      <trkpt lat="25.181257" lon="121.581823" />
      <trkpt lat="25.181476" lon="121.581800" />
      <trkpt lat="25.181653" lon="121.581821" />
      <trkpt lat="25.182146" lon="121.582076" />
      <trkpt lat="25.182300" lon="121.582179" />
      <trkpt lat="25.182385" lon="121.582287" />
      <trkpt lat="25.182517" lon="121.582579" />
      <trkpt lat="25.182574" lon="121.582786" />
      <trkpt lat="25.182581" lon="121.582893" />
      <trkpt lat="25.182578" lon="121.583197" />
      <trkpt lat="25.182603" lon="121.583343" />
      <trkpt lat="25.182678" lon="121.583460" />
      <trkpt lat="25.182828" lon="121.583609" />
      <trkpt lat="25.182927" lon="121.583676" />
      <trkpt lat="25.183294" lon="121.583806" />
      <trkpt lat="25.183392" lon="121.583842" />
      <trkpt lat="25.184172" lon="121.584321" />
      <trkpt lat="25.184283" lon="121.584343" />
      <trkpt lat="25.184396" lon="121.584314" />
      <trkpt lat="25.185018" lon="121.583880" />
      <trkpt lat="25.185210" lon="121.583827" />
      <trkpt lat="25.185362" lon="121.583809" />
      <trkpt lat="25.185504" lon="121.583838" />
      <trkpt lat="25.185834" lon="121.584015" />
      <trkpt lat="25.185901" lon="121.584066" />
      <trkpt lat="25.185976" lon="121.584164" />
      <trkpt lat="25.186273" lon="121.584798" />
      <trkpt lat="25.186296" lon="121.584890" />
      <trkpt lat="25.186415" lon="121.585427" />
      <trkpt lat="25.186513" lon="121.585570" />
      <trkpt lat="25.186753" lon="121.585634" />
      <trkpt lat="25.186892" lon="121.585634" />
      <trkpt lat="25.187719" lon="121.585623" />
      <trkpt lat="25.188240" lon="121.585623" />
      <trkpt lat="25.188462" lon="121.585676" />
      <trkpt lat="25.188578" lon="121.585734" />
      <trkpt lat="25.188728" lon="121.585835" />
      <trkpt lat="25.188868" lon="121.586029" />
      <trkpt lat="25.189047" lon="121.586411" />
      <trkpt lat="25.189192" lon="121.586683" />
      <trkpt lat="25.189504" lon="121.586879" />
      <trkpt lat="25.189576" lon="121.586945" />
      <trkpt lat="25.189648" lon="121.587051" />
      <trkpt lat="25.189669" lon="121.587127" />
      <trkpt lat="25.189641" lon="121.587267" />
      <trkpt lat="25.189602" lon="121.587383" />
      <trkpt lat="25.189464" lon="121.587499" />
      <trkpt lat="25.189141" lon="121.587641" />
      <trkpt lat="25.189037" lon="121.587724" />
      <trkpt lat="25.188981" lon="121.587793" />
      <trkpt lat="25.188917" lon="121.587898" />
      <trkpt lat="25.188876" lon="121.588030" />
      <trkpt lat="25.188867" lon="121.588228" />
      <trkpt lat="25.188944" lon="121.588404" />
      <trkpt lat="25.189016" lon="121.588508" />
      <trkpt lat="25.189099" lon="121.588637" />
      <trkpt lat="25.189116" lon="121.588737" />
      <trkpt lat="25.189129" lon="121.588820" />
      <trkpt lat="25.189121" lon="121.588915" />
      <trkpt lat="25.189092" lon="121.589030" />
      <trkpt lat="25.189003" lon="121.589343" />
      <trkpt lat="25.189006" lon="121.589545" />
      <trkpt lat="25.189019" lon="121.589683" />
      <trkpt lat="25.189047" lon="121.589973" />
      <trkpt lat="25.189095" lon="121.590161" />
      <trkpt lat="25.189153" lon="121.590336" />
      <trkpt lat="25.189232" lon="121.590488" />
      <trkpt lat="25.189376" lon="121.590779" />
      <trkpt lat="25.189464" lon="121.590905" />
      <trkpt lat="25.189626" lon="121.591023" />
      <trkpt lat="25.189807" lon="121.591107" />
      <trkpt lat="25.189970" lon="121.591191" />
      <trkpt lat="25.190055" lon="121.591240" />
      <trkpt lat="25.190123" lon="121.591316" />
      <trkpt lat="25.190166" lon="121.591400" />
      <trkpt lat="25.190181" lon="121.591503" />
      <trkpt lat="25.190160" lon="121.591601" />
      <trkpt lat="25.190092" lon="121.591820" />
      <trkpt lat="25.190050" lon="121.592009" />
      <trkpt lat="25.190055" lon="121.592146" />
      <trkpt lat="25.190073" lon="121.592236" />
      <trkpt lat="25.190104" lon="121.592291" />
      <trkpt lat="25.190178" lon="121.592367" />
      <trkpt lat="25.190258" lon="121.592391" />
      <trkpt lat="25.190340" lon="121.592374" />
      <trkpt lat="25.190480" lon="121.592296" />
      <trkpt lat="25.190631" lon="121.592183" />
      <trkpt lat="25.190769" lon="121.592070" />
      <trkpt lat="25.190900" lon="121.592008" />
      <trkpt lat="25.191043" lon="121.591959" />
      <trkpt lat="25.191328" lon="121.591927" />
      <trkpt lat="25.191870" lon="121.591915" />
      <trkpt lat="25.192130" lon="121.591963" />
      <trkpt lat="25.192400" lon="121.592056" />
      <trkpt lat="25.192622" lon="121.592167" />
      <trkpt lat="25.193150" lon="121.592584" />
      <trkpt lat="25.193870" lon="121.593136" />
      <trkpt lat="25.194602" lon="121.593667" />
      <trkpt lat="25.194803" lon="121.593810" />
      <trkpt lat="25.194966" lon="121.593878" />
      <trkpt lat="25.195019" lon="121.593878" />
      <trkpt lat="25.195132" lon="121.593833" />
      <trkpt lat="25.195235" lon="121.593728" />
      <trkpt lat="25.195282" lon="121.593577" />
      <trkpt lat="25.195264" lon="121.593460" />
      <trkpt lat="25.195130" lon="121.593136" />
      <trkpt lat="25.194895" lon="121.592668" />
      <trkpt lat="25.194886" lon="121.592538" />
      <trkpt lat="25.194922" lon="121.592396" />
      <trkpt lat="25.195016" lon="121.592317" />
      <trkpt lat="25.195171" lon="121.592276" />
      <trkpt lat="25.195310" lon="121.592312" />
      <trkpt lat="25.195441" lon="121.592439" />
      <trkpt lat="25.195562" lon="121.592575" />
      <trkpt lat="25.195721" lon="121.592837" />
      <trkpt lat="25.196009" lon="121.593313" />
      <trkpt lat="25.196162" lon="121.593583" />
      <trkpt lat="25.196212" lon="121.593721" />
      <trkpt lat="25.196255" lon="121.593860" />
      <trkpt lat="25.196292" lon="121.594136" />
      <trkpt lat="25.196352" lon="121.594518" />
      <trkpt lat="25.196418" lon="121.594677" />
      <trkpt lat="25.196487" lon="121.594784" />
      <trkpt lat="25.196662" lon="121.594963" />
      <trkpt lat="25.196799" lon="121.595023" />
      <trkpt lat="25.197106" lon="121.595114" />
      <trkpt lat="25.197438" lon="121.595169" />
      <trkpt lat="25.197607" lon="121.595189" />
      <trkpt lat="25.197732" lon="121.595186" />
      <trkpt lat="25.197897" lon="121.595148" />
      <trkpt lat="25.198015" lon="121.595070" />
      <trkpt lat="25.198115" lon="121.594956" />
      <trkpt lat="25.198459" lon="121.594569" />
      <trkpt lat="25.198572" lon="121.594446" />
      <trkpt lat="25.199027" lon="121.593958" />
      <trkpt lat="25.199274" lon="121.593720" />
      <trkpt lat="25.199386" lon="121.593655" />
      <trkpt lat="25.199885" lon="121.593449" />
      <trkpt lat="25.200123" lon="121.593393" />
      <trkpt lat="25.200347" lon="121.593359" />
      <trkpt lat="25.201142" lon="121.593364" />
      <trkpt lat="25.201320" lon="121.593380" />
      <trkpt lat="25.201604" lon="121.593422" />
      <trkpt lat="25.201774" lon="121.593466" />
      <trkpt lat="25.201604" lon="121.593422" />
      <trkpt lat="25.201320" lon="121.593380" />
      <trkpt lat="25.201142" lon="121.593364" />
      <trkpt lat="25.200347" lon="121.593359" />
      <trkpt lat="25.200123" lon="121.593393" />
      <trkpt lat="25.199885" lon="121.593449" />
      <trkpt lat="25.199386" lon="121.593655" />
      <trkpt lat="25.199274" lon="121.593720" />
      <trkpt lat="25.199027" lon="121.593958" />
      <trkpt lat="25.198572" lon="121.594446" />
      <trkpt lat="25.198459" lon="121.594569" />
      <trkpt lat="25.198115" lon="121.594956" />
      <trkpt lat="25.198015" lon="121.595070" />
      <trkpt lat="25.197897" lon="121.595148" />
      <trkpt lat="25.197732" lon="121.595186" />
      <trkpt lat="25.197607" lon="121.595189" />
      <trkpt lat="25.197438" lon="121.595169" />
      <trkpt lat="25.197106" lon="121.595114" />
      <trkpt lat="25.196799" lon="121.595023" />
      <trkpt lat="25.196662" lon="121.594963" />
      <trkpt lat="25.196487" lon="121.594784" />
      <trkpt lat="25.196418" lon="121.594677" />
      <trkpt lat="25.196352" lon="121.594518" />
      <trkpt lat="25.196292" lon="121.594136" />
      <trkpt lat="25.196255" lon="121.593860" />
      <trkpt lat="25.196212" lon="121.593721" />
      <trkpt lat="25.196162" lon="121.593583" />
      <trkpt lat="25.196009" lon="121.593313" />
      <trkpt lat="25.195721" lon="121.592837" />
      <trkpt lat="25.195562" lon="121.592575" />
      <trkpt lat="25.195441" lon="121.592439" />
      <trkpt lat="25.195310" lon="121.592312" />
      <trkpt lat="25.195171" lon="121.592276" />
      <trkpt lat="25.195016" lon="121.592317" />
      <trkpt lat="25.194922" lon="121.592396" />
      <trkpt lat="25.194886" lon="121.592538" />
      <trkpt lat="25.194895" lon="121.592668" />
      <trkpt lat="25.195130" lon="121.593136" />
      <trkpt lat="25.195264" lon="121.593460" />
      <trkpt lat="25.195282" lon="121.593577" />
      <trkpt lat="25.195235" lon="121.593728" />
      <trkpt lat="25.195132" lon="121.593833" />
      <trkpt lat="25.195019" lon="121.593878" />
      <trkpt lat="25.194966" lon="121.593878" />
      <trkpt lat="25.194803" lon="121.593810" />
      <trkpt lat="25.194602" lon="121.593667" />
      <trkpt lat="25.193870" lon="121.593136" />
      <trkpt lat="25.193150" lon="121.592584" />
      <trkpt lat="25.192622" lon="121.592167" />
      <trkpt lat="25.192400" lon="121.592056" />
      <trkpt lat="25.192130" lon="121.591963" />
      <trkpt lat="25.191870" lon="121.591915" />
      <trkpt lat="25.191328" lon="121.591927" />
      <trkpt lat="25.191043" lon="121.591959" />
      <trkpt lat="25.190900" lon="121.592008" />
      <trkpt lat="25.190769" lon="121.592070" />
      <trkpt lat="25.190631" lon="121.592183" />
      <trkpt lat="25.190480" lon="121.592296" />
      <trkpt lat="25.190340" lon="121.592374" />
      <trkpt lat="25.190258" lon="121.592391" />
      <trkpt lat="25.190178" lon="121.592367" />
      <trkpt lat="25.190104" lon="121.592291" />
      <trkpt lat="25.190073" lon="121.592236" />
      <trkpt lat="25.190055" lon="121.592146" />
      <trkpt lat="25.190050" lon="121.592009" />
      <trkpt lat="25.190092" lon="121.591820" />
      <trkpt lat="25.190160" lon="121.591601" />
      <trkpt lat="25.190181" lon="121.591503" />
      <trkpt lat="25.190166" lon="121.591400" />
      <trkpt lat="25.190123" lon="121.591316" />
      <trkpt lat="25.190055" lon="121.591240" />
      <trkpt lat="25.189970" lon="121.591191" />
      <trkpt lat="25.189807" lon="121.591107" />
      <trkpt lat="25.189626" lon="121.591023" />
      <trkpt lat="25.189464" lon="121.590905" />
      <trkpt lat="25.189376" lon="121.590779" />
      <trkpt lat="25.189232" lon="121.590488" />
      <trkpt lat="25.189153" lon="121.590336" />
      <trkpt lat="25.189095" lon="121.590161" />
      <trkpt lat="25.189047" lon="121.589973" />
      <trkpt lat="25.189019" lon="121.589683" />
      <trkpt lat="25.189006" lon="121.589545" />
      <trkpt lat="25.189003" lon="121.589343" />
      <trkpt lat="25.189092" lon="121.589030" />
      <trkpt lat="25.189121" lon="121.588915" />
      <trkpt lat="25.189129" lon="121.588820" />
      <trkpt lat="25.189116" lon="121.588737" />
      <trkpt lat="25.189099" lon="121.588637" />
      <trkpt lat="25.189016" lon="121.588508" />
      <trkpt lat="25.188944" lon="121.588404" />
      <trkpt lat="25.188867" lon="121.588228" />
      <trkpt lat="25.188876" lon="121.588030" />
      <trkpt lat="25.188917" lon="121.587898" />
      <trkpt lat="25.188981" lon="121.587793" />
      <trkpt lat="25.189037" lon="121.587724" />
      <trkpt lat="25.189141" lon="121.587641" />
      <trkpt lat="25.189464" lon="121.587499" />
      <trkpt lat="25.189602" lon="121.587383" />
      <trkpt lat="25.189641" lon="121.587267" />
      <trkpt lat="25.189669" lon="121.587127" />
      <trkpt lat="25.189648" lon="121.587051" />
      <trkpt lat="25.189576" lon="121.586945" />
      <trkpt lat="25.189504" lon="121.586879" />
      <trkpt lat="25.189192" lon="121.586683" />
      <trkpt lat="25.189047" lon="121.586411" />
      <trkpt lat="25.188868" lon="121.586029" />
      <trkpt lat="25.188728" lon="121.585835" />
      <trkpt lat="25.188578" lon="121.585734" />
      <trkpt lat="25.188462" lon="121.585676" />
      <trkpt lat="25.188240" lon="121.585623" />
      <trkpt lat="25.187719" lon="121.585623" />
      <trkpt lat="25.186892" lon="121.585634" />
      <trkpt lat="25.186753" lon="121.585634" />
      <trkpt lat="25.186513" lon="121.585570" />
      <trkpt lat="25.186415" lon="121.585427" />
      <trkpt lat="25.186296" lon="121.584890" />
      <trkpt lat="25.186273" lon="121.584798" />
      <trkpt lat="25.185976" lon="121.584164" />
      <trkpt lat="25.185901" lon="121.584066" />
      <trkpt lat="25.185834" lon="121.584015" />
      <trkpt lat="25.185504" lon="121.583838" />
      <trkpt lat="25.185362" lon="121.583809" />
      <trkpt lat="25.185210" lon="121.583827" />
      <trkpt lat="25.185018" lon="121.583880" />
      <trkpt lat="25.184396" lon="121.584314" />
      <trkpt lat="25.184283" lon="121.584343" />
      <trkpt lat="25.184172" lon="121.584321" />
      <trkpt lat="25.183392" lon="121.583842" />
      <trkpt lat="25.183294" lon="121.583806" />
      <trkpt lat="25.182927" lon="121.583676" />
      <trkpt lat="25.182828" lon="121.583609" />
      <trkpt lat="25.182678" lon="121.583460" />
      <trkpt lat="25.182603" lon="121.583343" />
      <trkpt lat="25.182578" lon="121.583197" />
      <trkpt lat="25.182581" lon="121.582893" />
      <trkpt lat="25.182574" lon="121.582786" />
      <trkpt lat="25.182517" lon="121.582579" />
      <trkpt lat="25.182385" lon="121.582287" />
      <trkpt lat="25.182300" lon="121.582179" />
      <trkpt lat="25.182146" lon="121.582076" />
      <trkpt lat="25.181653" lon="121.581821" />
      <trkpt lat="25.181476" lon="121.581800" />
      <trkpt lat="25.181257" lon="121.581823" />
      <trkpt lat="25.180953" lon="121.581873" />
      <trkpt lat="25.180387" lon="121.582090" />
      <trkpt lat="25.180307" lon="121.582142" />
      <trkpt lat="25.180184" lon="121.582262" />
      <trkpt lat="25.180029" lon="121.582471" />
      <trkpt lat="25.179930" lon="121.582556" />
      <trkpt lat="25.179818" lon="121.582599" />
      <trkpt lat="25.179756" lon="121.582599" />
      <trkpt lat="25.179693" lon="121.582594" />
      <trkpt lat="25.179628" lon="121.582563" />
      <trkpt lat="25.179566" lon="121.582484" />
      <trkpt lat="25.179523" lon="121.582386" />
      <trkpt lat="25.179518" lon="121.582341" />
      <trkpt lat="25.179517" lon="121.582165" />
      <trkpt lat="25.179533" lon="121.581815" />
      <trkpt lat="25.179578" lon="121.581648" />
      <trkpt lat="25.179886" lon="121.581175" />
      <trkpt lat="25.179985" lon="121.581029" />
      <trkpt lat="25.180097" lon="121.580843" />
      <trkpt lat="25.180168" lon="121.580595" />
      <trkpt lat="25.180243" lon="121.580314" />
      <trkpt lat="25.180235" lon="121.580106" />
      <trkpt lat="25.180206" lon="121.579953" />
      <trkpt lat="25.180112" lon="121.579817" />
      <trkpt lat="25.180004" lon="121.579756" />
      <trkpt lat="25.179930" lon="121.579753" />
      <trkpt lat="25.179877" lon="121.579758" />
      <trkpt lat="25.179806" lon="121.579763" />
      <trkpt lat="25.179621" lon="121.579767" />
      <trkpt lat="25.179445" lon="121.579781" />
      <trkpt lat="25.179365" lon="121.579783" />
      <trkpt lat="25.179252" lon="121.579731" />
      <trkpt lat="25.179120" lon="121.579623" />
      <trkpt lat="25.178996" lon="121.579536" />
      <trkpt lat="25.178911" lon="121.579423" />
      <trkpt lat="25.178877" lon="121.579338" />
      <trkpt lat="25.178883" lon="121.579242" />
      <trkpt lat="25.178898" lon="121.579194" />
      <trkpt lat="25.178917" lon="121.579134" />
      <trkpt lat="25.178996" lon="121.578970" />
      <trkpt lat="25.179153" lon="121.578851" />
      <trkpt lat="25.179421" lon="121.578760" />
      <trkpt lat="25.179614" lon="121.578684" />
      <trkpt lat="25.179854" lon="121.578503" />
      <trkpt lat="25.179937" lon="121.578414" />
      <trkpt lat="25.179974" lon="121.578313" />
      <trkpt lat="25.179981" lon="121.578196" />
      <trkpt lat="25.179951" lon="121.577955" />
      <trkpt lat="25.179954" lon="121.577864" />
      <trkpt lat="25.179989" lon="121.577744" />
      <trkpt lat="25.180098" lon="121.577467" />
      <trkpt lat="25.180107" lon="121.577350" />
      <trkpt lat="25.180092" lon="121.577264" />
      <trkpt lat="25.180034" lon="121.577152" />
      <trkpt lat="25.179699" lon="121.576574" />
      <trkpt lat="25.179643" lon="121.576434" />
      <trkpt lat="25.179625" lon="121.576217" />
      <trkpt lat="25.179656" lon="121.575973" />
      <trkpt lat="25.179803" lon="121.575291" />
      <trkpt lat="25.179843" lon="121.575129" />
      <trkpt lat="25.179922" lon="121.575058" />
      <trkpt lat="25.180005" lon="121.575026" />
      <trkpt lat="25.180082" lon="121.575024" />
      <trkpt lat="25.180172" lon="121.575048" />
      <trkpt lat="25.180285" lon="121.575072" />
      <trkpt lat="25.180290" lon="121.575073" />
      <trkpt lat="25.180343" lon="121.575134" />
      <trkpt lat="25.180385" lon="121.575201" />
      <trkpt lat="25.180600" lon="121.575673" />
      <trkpt lat="25.180664" lon="121.575737" />
      <trkpt lat="25.180728" lon="121.575780" />
      <trkpt lat="25.180836" lon="121.575801" />
      <trkpt lat="25.181177" lon="121.575795" />
      <trkpt lat="25.181242" lon="121.575816" />
      <trkpt lat="25.181285" lon="121.575838" />
      <trkpt lat="25.181529" lon="121.576071" />
      <trkpt lat="25.181657" lon="121.576153" />
      <trkpt lat="25.181797" lon="121.576196" />
      <trkpt lat="25.182003" lon="121.576208" />
      <trkpt lat="25.182134" lon="121.576187" />
      <trkpt lat="25.182218" lon="121.576154" />
      <trkpt lat="25.182282" lon="121.576077" />
      <trkpt lat="25.182355" lon="121.575953" />
      <trkpt lat="25.182644" lon="121.575458" />
      <trkpt lat="25.182709" lon="121.575379" />
      <trkpt lat="25.182789" lon="121.575293" />
      <trkpt lat="25.183168" lon="121.575028" />
      <trkpt lat="25.183632" lon="121.574685" />
      <trkpt lat="25.183801" lon="121.574522" />
      <trkpt lat="25.183857" lon="121.574462" />
      <trkpt lat="25.183896" lon="121.574374" />
      <trkpt lat="25.183914" lon="121.574270" />
      <trkpt lat="25.183925" lon="121.574053" />
      <trkpt lat="25.183942" lon="121.573948" />
      <trkpt lat="25.184004" lon="121.573821" />
      <trkpt lat="25.184080" lon="121.573697" />
      <trkpt lat="25.184146" lon="121.573583" />
      <trkpt lat="25.184161" lon="121.573516" />
      <trkpt lat="25.184146" lon="121.573449" />
      <trkpt lat="25.184116" lon="121.573399" />
      <trkpt lat="25.184045" lon="121.573367" />
      <trkpt lat="25.183973" lon="121.573362" />
      <trkpt lat="25.183893" lon="121.573383" />
      <trkpt lat="25.183842" lon="121.573441" />
      <trkpt lat="25.183809" lon="121.573511" />
      <trkpt lat="25.183794" lon="121.573592" />
      <trkpt lat="25.183777" lon="121.573985" />
      <trkpt lat="25.183754" lon="121.574222" />
      <trkpt lat="25.183718" lon="121.574305" />
      <trkpt lat="25.183667" lon="121.574382" />
      <trkpt lat="25.183596" lon="121.574424" />
      <trkpt lat="25.183490" lon="121.574474" />
      <trkpt lat="25.183259" lon="121.574542" />
      <trkpt lat="25.183105" lon="121.574620" />
      <trkpt lat="25.182831" lon="121.574793" />
      <trkpt lat="25.182524" lon="121.574884" />
      <trkpt lat="25.182406" lon="121.574933" />
      <trkpt lat="25.182315" lon="121.575003" />
      <trkpt lat="25.182217" lon="121.575135" />
      <trkpt lat="25.182101" lon="121.575360" />
      <trkpt lat="25.182008" lon="121.575425" />
      <trkpt lat="25.181931" lon="121.575447" />
      <trkpt lat="25.181838" lon="121.575419" />
      <trkpt lat="25.181759" lon="121.575371" />
      <trkpt lat="25.181691" lon="121.575282" />
      <trkpt lat="25.181673" lon="121.575179" />
      <trkpt lat="25.181676" lon="121.575060" />
      <trkpt lat="25.181737" lon="121.574900" />
      <trkpt lat="25.181779" lon="121.574836" />
      <trkpt lat="25.181847" lon="121.574772" />
      <trkpt lat="25.181971" lon="121.574731" />
      <trkpt lat="25.182341" lon="121.574734" />
      <trkpt lat="25.182435" lon="121.574723" />
      <trkpt lat="25.182524" lon="121.574680" />
      <trkpt lat="25.182600" lon="121.574619" />
      <trkpt lat="25.182988" lon="121.574133" />
      <trkpt lat="25.183176" lon="121.573817" />
      <trkpt lat="25.183314" lon="121.573527" />
      <trkpt lat="25.183346" lon="121.573406" />
      <trkpt lat="25.183364" lon="121.573272" />
      <trkpt lat="25.183351" lon="121.572826" />
      <trkpt lat="25.183368" lon="121.572733" />
      <trkpt lat="25.183389" lon="121.572647" />
      <trkpt lat="25.183434" lon="121.572583" />
      <trkpt lat="25.183539" lon="121.572540" />
      <trkpt lat="25.184033" lon="121.572325" />
      <trkpt lat="25.184144" lon="121.572264" />
      <trkpt lat="25.184212" lon="121.572210" />
      <trkpt lat="25.184277" lon="121.572101" />
      <trkpt lat="25.184282" lon="121.571989" />
      <trkpt lat="25.184233" lon="121.571904" />
      <trkpt lat="25.184190" lon="121.571859" />
      <trkpt lat="25.184124" lon="121.571839" />
      <trkpt lat="25.184062" lon="121.571855" />
      <trkpt lat="25.183984" lon="121.571919" />
      <trkpt lat="25.183830" lon="121.572145" />
      <trkpt lat="25.183756" lon="121.572223" />
      <trkpt lat="25.183305" lon="121.572392" />
      <trkpt lat="25.183210" lon="121.572452" />
      <trkpt lat="25.183118" lon="121.572528" />
      <trkpt lat="25.183046" lon="121.572690" />
      <trkpt lat="25.182969" lon="121.573236" />
      <trkpt lat="25.182931" lon="121.573313" />
      <trkpt lat="25.182900" lon="121.573357" />
      <trkpt lat="25.182810" lon="121.573449" />
      <trkpt lat="25.182692" lon="121.573524" />
      <trkpt lat="25.182575" lon="121.573562" />
      <trkpt lat="25.182302" lon="121.573632" />
      <trkpt lat="25.182064" lon="121.573684" />
      <trkpt lat="25.181882" lon="121.573750" />
      <trkpt lat="25.181777" lon="121.573750" />
      <trkpt lat="25.181687" lon="121.573725" />
      <trkpt lat="25.181630" lon="121.573677" />
      <trkpt lat="25.181587" lon="121.573613" />
      <trkpt lat="25.181576" lon="121.573559" />
      <trkpt lat="25.181579" lon="121.573481" />
      <trkpt lat="25.181601" lon="121.573418" />
      <trkpt lat="25.181626" lon="121.573380" />
      <trkpt lat="25.181660" lon="121.573339" />
      <trkpt lat="25.181699" lon="121.573305" />
      <trkpt lat="25.181745" lon="121.573293" />
      <trkpt lat="25.181792" lon="121.573288" />
      <trkpt lat="25.181858" lon="121.573287" />
      <trkpt lat="25.181928" lon="121.573294" />
      <trkpt lat="25.182121" lon="121.573317" />
      <trkpt lat="25.182399" lon="121.573331" />
      <trkpt lat="25.182495" lon="121.573293" />
      <trkpt lat="25.182616" lon="121.573229" />
      <trkpt lat="25.182681" lon="121.573141" />
      <trkpt lat="25.182736" lon="121.573037" />
      <trkpt lat="25.182762" lon="121.572919" />
      <trkpt lat="25.182772" lon="121.572463" />
      <trkpt lat="25.182785" lon="121.572363" />
      <trkpt lat="25.182823" lon="121.572275" />
      <trkpt lat="25.182953" lon="121.572134" />
      <trkpt lat="25.183019" lon="121.572083" />
      <trkpt lat="25.183062" lon="121.572050" />
      <trkpt lat="25.183095" lon="121.571995" />
      <trkpt lat="25.183110" lon="121.571946" />
      <trkpt lat="25.183118" lon="121.571895" />
      <trkpt lat="25.183112" lon="121.571844" />
      <trkpt lat="25.183098" lon="121.571798" />
      <trkpt lat="25.183072" lon="121.571747" />
      <trkpt lat="25.183041" lon="121.571695" />
      <trkpt lat="25.182984" lon="121.571613" />
      <trkpt lat="25.182891" lon="121.571513" />
      <trkpt lat="25.182786" lon="121.571404" />
      <trkpt lat="25.182668" lon="121.571307" />
      <trkpt lat="25.181994" lon="121.570952" />
      <trkpt lat="25.181823" lon="121.570844" />
      <trkpt lat="25.181737" lon="121.570780" />
      <trkpt lat="25.181650" lon="121.570634" />
      <trkpt lat="25.181622" lon="121.570521" />
      <trkpt lat="25.181601" lon="121.570382" />
      <trkpt lat="25.181557" lon="121.570252" />
      <trkpt lat="25.181454" lon="121.570121" />
      <trkpt lat="25.181344" lon="121.570051" />
      <trkpt lat="25.181214" lon="121.569981" />
      <trkpt lat="25.180884" lon="121.569876" />
      <trkpt lat="25.180755" lon="121.569797" />
      <trkpt lat="25.180328" lon="121.569468" />
      <trkpt lat="25.180152" lon="121.569361" />
      <trkpt lat="25.179981" lon="121.569311" />
      <trkpt lat="25.179845" lon="121.569317" />
      <trkpt lat="25.179503" lon="121.569354" />
      <trkpt lat="25.179403" lon="121.569355" />
      <trkpt lat="25.179334" lon="121.569364" />
      <trkpt lat="25.179226" lon="121.569321" />
      <trkpt lat="25.179119" lon="121.569257" />
      <trkpt lat="25.178382" lon="121.568596" />
      <trkpt lat="25.178114" lon="121.568367" />
      <trkpt lat="25.177886" lon="121.568246" />
      <trkpt lat="25.177681" lon="121.568141" />
      <trkpt lat="25.177553" lon="121.567991" />
      <trkpt lat="25.177488" lon="121.567776" />
      <trkpt lat="25.177488" lon="121.567626" />
      <trkpt lat="25.177510" lon="121.567497" />
      <trkpt lat="25.177574" lon="121.567261" />
      <trkpt lat="25.177746" lon="121.566982" />
      <trkpt lat="25.178068" lon="121.566618" />
      <trkpt lat="25.178132" lon="121.566532" />
      <trkpt lat="25.178175" lon="121.566424" />
      <trkpt lat="25.178218" lon="121.566296" />
      <trkpt lat="25.178218" lon="121.566167" />
      <trkpt lat="25.178196" lon="121.566060" />
      <trkpt lat="25.178175" lon="121.565952" />
      <trkpt lat="25.178111" lon="121.565845" />
      <trkpt lat="25.178046" lon="121.565759" />
      <trkpt lat="25.177982" lon="121.565695" />
      <trkpt lat="25.177617" lon="121.565437" />
      <trkpt lat="25.177488" lon="121.565287" />
      <trkpt lat="25.177403" lon="121.565094" />
      <trkpt lat="25.177386" lon="121.564982" />
      <trkpt lat="25.177386" lon="121.564863" />
      <trkpt lat="25.177414" lon="121.564731" />
      <trkpt lat="25.177482" lon="121.564576" />
      <trkpt lat="25.177604" lon="121.564354" />
      <trkpt lat="25.178055" lon="121.563566" />
      <trkpt lat="25.178562" lon="121.562632" />
      <trkpt lat="25.178614" lon="121.562541" />
      <trkpt lat="25.178691" lon="121.562522" />
      <trkpt lat="25.178793" lon="121.562488" />
      <trkpt lat="25.179145" lon="121.562448" />
      <trkpt lat="25.179299" lon="121.562428" />
      <trkpt lat="25.179577" lon="121.562405" />
      <trkpt lat="25.179721" lon="121.562376" />
      <trkpt lat="25.179816" lon="121.562323" />
      <trkpt lat="25.179922" lon="121.562237" />
      <trkpt lat="25.180146" lon="121.561973" />
      <trkpt lat="25.180203" lon="121.561889" />
      <trkpt lat="25.180240" lon="121.561838" />
      <trkpt lat="25.180360" lon="121.561768" />
      <trkpt lat="25.180560" lon="121.561704" />
      <trkpt lat="25.180687" lon="121.561643" />
      <trkpt lat="25.180770" lon="121.561539" />
      <trkpt lat="25.180804" lon="121.561444" />
      <trkpt lat="25.180819" lon="121.561321" />
      <trkpt lat="25.180819" lon="121.561091" />
      <trkpt lat="25.180840" lon="121.560985" />
      <trkpt lat="25.180883" lon="121.560920" />
      <trkpt lat="25.180947" lon="121.560878" />
      <trkpt lat="25.181011" lon="121.560856" />
      <trkpt lat="25.181083" lon="121.560862" />
      <trkpt lat="25.181384" lon="121.560947" />
      <trkpt lat="25.181521" lon="121.560935" />
      <trkpt lat="25.182429" lon="121.560576" />
      <trkpt lat="25.182445" lon="121.560568" />
      <trkpt lat="25.182587" lon="121.560493" />
      <trkpt lat="25.182672" lon="121.560396" />
      <trkpt lat="25.182853" lon="121.560113" />
      <trkpt lat="25.182899" lon="121.559986" />
      <trkpt lat="25.182913" lon="121.559807" />
      <trkpt lat="25.182893" lon="121.559642" />
      <trkpt lat="25.182660" lon="121.558968" />
      <trkpt lat="25.182650" lon="121.558910" />
      <trkpt lat="25.182638" lon="121.558743" />
      <trkpt lat="25.182707" lon="121.558281" />
      <trkpt lat="25.182769" lon="121.558156" />
      <trkpt lat="25.182831" lon="121.558081" />
      <trkpt lat="25.182915" lon="121.558032" />
      <trkpt lat="25.183025" lon="121.558006" />
      <trkpt lat="25.183202" lon="121.557983" />
      <trkpt lat="25.183363" lon="121.557960" />
      <trkpt lat="25.183776" lon="121.557895" />
      <trkpt lat="25.183948" lon="121.557893" />
      <trkpt lat="25.184041" lon="121.557910" />
      <trkpt lat="25.184144" lon="121.557977" />
      <trkpt lat="25.184400" lon="121.558258" />
      <trkpt lat="25.184492" lon="121.558319" />
      <trkpt lat="25.184613" lon="121.558339" />
      <trkpt lat="25.184664" lon="121.558329" />
      <trkpt lat="25.184743" lon="121.558280" />
      <trkpt lat="25.184848" lon="121.558142" />
      <trkpt lat="25.185125" lon="121.557676" />
      <trkpt lat="25.185169" lon="121.557586" />
      <trkpt lat="25.185200" lon="121.557450" />
      <trkpt lat="25.185193" lon="121.557289" />
      <trkpt lat="25.185159" lon="121.557157" />
      <trkpt lat="25.185096" lon="121.557004" />
      <trkpt lat="25.185038" lon="121.556913" />
      <trkpt lat="25.184968" lon="121.556839" />
      <trkpt lat="25.184874" lon="121.556769" />
      <trkpt lat="25.184711" lon="121.556690" />
      <trkpt lat="25.184461" lon="121.556581" />
      <trkpt lat="25.184196" lon="121.556532" />
      <trkpt lat="25.183416" lon="121.556459" />
      <trkpt lat="25.183134" lon="121.556490" />
      <trkpt lat="25.182974" lon="121.556510" />
      <trkpt lat="25.182789" lon="121.556571" />
      <trkpt lat="25.182703" lon="121.556618" />
      <trkpt lat="25.182171" lon="121.556939" />
      <trkpt lat="25.182100" lon="121.557001" />
      <trkpt lat="25.182027" lon="121.557105" />
      <trkpt lat="25.181991" lon="121.557210" />
      <trkpt lat="25.181990" lon="121.557305" />
      <trkpt lat="25.182044" lon="121.557769" />
      <trkpt lat="25.182022" lon="121.557983" />
      <trkpt lat="25.182001" lon="121.558155" />
      <trkpt lat="25.181936" lon="121.558477" />
      <trkpt lat="25.181872" lon="121.558649" />
      <trkpt lat="25.181780" lon="121.558762" />
      <trkpt lat="25.181670" lon="121.558840" />
      <trkpt lat="25.181597" lon="121.558837" />
      <trkpt lat="25.181542" lon="121.558827" />
      <trkpt lat="25.181480" lon="121.558793" />
      <trkpt lat="25.181410" lon="121.558739" />
      <trkpt lat="25.181358" lon="121.558675" />
      <trkpt lat="25.181329" lon="121.558592" />
      <trkpt lat="25.181308" lon="121.558485" />
      <trkpt lat="25.181329" lon="121.557670" />
      <trkpt lat="25.181286" lon="121.557434" />
      <trkpt lat="25.181179" lon="121.557069" />
      <trkpt lat="25.180836" lon="121.556211" />
      <trkpt lat="25.180814" lon="121.556103" />
      <trkpt lat="25.180793" lon="121.555910" />
      <trkpt lat="25.180814" lon="121.555781" />
      <trkpt lat="25.180879" lon="121.555610" />
      <trkpt lat="25.180943" lon="121.555502" />
      <trkpt lat="25.181612" lon="121.554607" />
      <trkpt lat="25.181651" lon="121.554472" />
      <trkpt lat="25.181673" lon="121.554408" />
      <trkpt lat="25.181651" lon="121.554301" />
      <trkpt lat="25.181587" lon="121.554236" />
      <trkpt lat="25.181501" lon="121.554172" />
      <trkpt lat="25.181415" lon="121.554151" />
      <trkpt lat="25.181286" lon="121.554172" />
      <trkpt lat="25.181179" lon="121.554279" />
      <trkpt lat="25.181158" lon="121.554344" />
      <trkpt lat="25.181136" lon="121.554430" />
      <trkpt lat="25.181136" lon="121.554751" />
      <trkpt lat="25.181136" lon="121.554880" />
      <trkpt lat="25.181115" lon="121.554966" />
      <trkpt lat="25.181029" lon="121.555095" />
      <trkpt lat="25.180879" lon="121.555202" />
      <trkpt lat="25.180643" lon="121.555352" />
      <trkpt lat="25.180557" lon="121.555417" />
      <trkpt lat="25.180505" lon="121.555497" />
      <trkpt lat="25.180371" lon="121.555716" />
      <trkpt lat="25.180278" lon="121.555846" />
      <trkpt lat="25.180235" lon="121.555910" />
      <trkpt lat="25.180085" lon="121.555996" />
      <trkpt lat="25.179730" lon="121.556031" />
      <trkpt lat="25.179593" lon="121.556090" />
      <trkpt lat="25.179529" lon="121.556176" />
      <trkpt lat="25.179355" lon="121.556597" />
      <trkpt lat="25.179252" lon="121.556740" />
      <trkpt lat="25.179162" lon="121.556804" />
      <trkpt lat="25.179076" lon="121.556833" />
      <trkpt lat="25.178974" lon="121.556862" />
      <trkpt lat="25.178684" lon="121.556923" />
      <trkpt lat="25.178446" lon="121.557032" />
      <trkpt lat="25.178011" lon="121.557281" />
      <trkpt lat="25.177882" lon="121.557324" />
      <trkpt lat="25.177819" lon="121.557324" />
      <trkpt lat="25.177696" lon="121.557288" />
      <trkpt lat="25.177610" lon="121.557206" />
      <trkpt lat="25.177274" lon="121.557348" />
      <trkpt lat="25.177124" lon="121.557480" />
      <trkpt lat="25.177038" lon="121.557648" />
      <trkpt lat="25.176918" lon="121.557816" />
      <trkpt lat="25.176834" lon="121.557858" />
      <trkpt lat="25.176735" lon="121.557896" />
      <trkpt lat="25.176609" lon="121.557969" />
      <trkpt lat="25.176490" lon="121.558074" />
      <trkpt lat="25.176398" lon="121.558196" />
      <trkpt lat="25.176277" lon="121.558286" />
      <trkpt lat="25.176166" lon="121.558308" />
      <trkpt lat="25.176038" lon="121.558351" />
      <trkpt lat="25.175945" lon="121.558421" />
      <trkpt lat="25.175859" lon="121.558454" />
      <trkpt lat="25.175785" lon="121.558444" />
      <trkpt lat="25.175709" lon="121.558398" />
      <trkpt lat="25.175624" lon="121.558332" />
      <trkpt lat="25.175530" lon="121.558241" />
      <trkpt lat="25.175407" lon="121.558176" />
      <trkpt lat="25.175297" lon="121.558146" />
      <trkpt lat="25.175172" lon="121.558159" />
      <trkpt lat="25.174991" lon="121.558193" />
      <trkpt lat="25.174792" lon="121.558164" />
      <trkpt lat="25.174645" lon="121.558204" />
      <trkpt lat="25.174486" lon="121.558294" />
      <trkpt lat="25.174393" lon="121.558396" />
      <trkpt lat="25.174326" lon="121.558496" />
      <trkpt lat="25.174250" lon="121.558792" />
      <trkpt lat="25.174210" lon="121.558885" />
      <trkpt lat="25.174126" lon="121.558989" />
      <trkpt lat="25.173937" lon="121.559113" />
      <trkpt lat="25.173775" lon="121.559178" />
      <trkpt lat="25.173599" lon="121.559204" />
      <trkpt lat="25.173376" lon="121.559171" />
      <trkpt lat="25.173136" lon="121.559196" />
      <trkpt lat="25.172978" lon="121.559281" />
      <trkpt lat="25.172739" lon="121.559462" />
      <trkpt lat="25.172540" lon="121.559540" />
      <trkpt lat="25.172130" lon="121.559663" />
      <trkpt lat="25.171856" lon="121.559695" />
      <trkpt lat="25.171717" lon="121.559762" />
      <trkpt lat="25.171630" lon="121.559837" />
      <trkpt lat="25.171422" lon="121.559999" />
      <trkpt lat="25.171285" lon="121.560115" />
      <trkpt lat="25.170766" lon="121.560538" />
      <trkpt lat="25.170598" lon="121.560636" />
      <trkpt lat="25.170464" lon="121.560824" />
      <trkpt lat="25.170339" lon="121.560905" />
      <trkpt lat="25.170117" lon="121.561026" />
      <trkpt lat="25.170053" lon="121.561093" />
      <trkpt lat="25.169974" lon="121.561203" />
      <trkpt lat="25.169915" lon="121.561333" />
      <trkpt lat="25.169846" lon="121.561417" />
      <trkpt lat="25.169777" lon="121.561460" />
      <trkpt lat="25.169593" lon="121.561523" />
      <trkpt lat="25.169444" lon="121.561632" />
      <trkpt lat="25.169317" lon="121.561781" />
      <trkpt lat="25.169240" lon="121.561973" />
      <trkpt lat="25.169147" lon="121.562232" />
      <trkpt lat="25.169152" lon="121.562339" />
      <trkpt lat="25.169170" lon="121.562398" />
      <trkpt lat="25.169249" lon="121.562562" />
      <trkpt lat="25.169249" lon="121.562712" />
      <trkpt lat="25.169219" lon="121.562790" />
      <trkpt lat="25.169181" lon="121.562851" />
      <trkpt lat="25.169126" lon="121.562884" />
      <trkpt lat="25.168998" lon="121.562905" />
      <trkpt lat="25.168914" lon="121.562914" />
      <trkpt lat="25.168826" lon="121.562905" />
      <trkpt lat="25.168721" lon="121.562843" />
      <trkpt lat="25.168428" lon="121.562658" />
      <trkpt lat="25.168335" lon="121.562590" />
      <trkpt lat="25.168262" lon="121.562498" />
      <trkpt lat="25.168178" lon="121.562308" />
      <trkpt lat="25.168128" lon="121.562266" />
      <trkpt lat="25.168090" lon="121.562263" />
      <trkpt lat="25.168062" lon="121.562275" />
      <trkpt lat="25.168020" lon="121.562319" />
      <trkpt lat="25.168006" lon="121.562366" />
      <trkpt lat="25.168110" lon="121.562653" />
      <trkpt lat="25.168154" lon="121.562734" />
      <trkpt lat="25.168257" lon="121.562838" />
      <trkpt lat="25.168283" lon="121.562905" />
      <trkpt lat="25.168312" lon="121.563005" />
      <trkpt lat="25.168300" lon="121.563069" />
      <trkpt lat="25.168278" lon="121.563090" />
      <trkpt lat="25.168214" lon="121.563090" />
      <trkpt lat="25.168086" lon="121.562960" />
      <trkpt lat="25.168018" lon="121.562923" />
      <trkpt lat="25.167917" lon="121.562918" />
      <trkpt lat="25.167807" lon="121.562958" />
      <trkpt lat="25.167565" lon="121.563082" />
      <trkpt lat="25.167373" lon="121.562918" />
      <trkpt lat="25.167258" lon="121.562867" />
      <trkpt lat="25.167092" lon="121.562830" />
      <trkpt lat="25.166943" lon="121.562816" />
      <trkpt lat="25.166756" lon="121.562860" />
      <trkpt lat="25.166658" lon="121.562948" />
      <trkpt lat="25.166363" lon="121.563243" />
      <trkpt lat="25.166256" lon="121.563345" />
      <trkpt lat="25.166192" lon="121.563378" />
      <trkpt lat="25.165759" lon="121.563566" />
      <trkpt lat="25.165653" lon="121.563595" />
      <trkpt lat="25.165419" lon="121.563598" />
      <trkpt lat="25.165333" lon="121.563583" />
      <trkpt lat="25.165248" lon="121.563518" />
      <trkpt lat="25.165116" lon="121.563363" />
      <trkpt lat="25.164991" lon="121.563274" />
      <trkpt lat="25.164838" lon="121.563218" />
      <trkpt lat="25.164647" lon="121.563256" />
      <trkpt lat="25.164467" lon="121.563269" />
      <trkpt lat="25.164183" lon="121.563281" />
      <trkpt lat="25.163362" lon="121.563400" />
      <trkpt lat="25.163193" lon="121.563467" />
      <trkpt lat="25.163067" lon="121.563563" />
      <trkpt lat="25.162858" lon="121.563857" />
      <trkpt lat="25.162526" lon="121.564110" />
      <trkpt lat="25.162329" lon="121.564225" />
      <trkpt lat="25.161921" lon="121.564376" />
      <trkpt lat="25.161705" lon="121.564491" />
      <trkpt lat="25.161601" lon="121.564664" />
      <trkpt lat="25.161491" lon="121.564902" />
      <trkpt lat="25.161376" lon="121.565067" />
      <trkpt lat="25.161249" lon="121.565122" />
      <trkpt lat="25.161167" lon="121.565156" />
      <trkpt lat="25.161027" lon="121.565142" />
      <trkpt lat="25.160675" lon="121.564997" />
      <trkpt lat="25.160422" lon="121.564887" />
      <trkpt lat="25.160273" lon="121.564811" />
      <trkpt lat="25.160105" lon="121.564507" />
      <trkpt lat="25.160033" lon="121.564425" />
      <trkpt lat="25.159941" lon="121.564362" />
      <trkpt lat="25.159829" lon="121.564339" />
      <trkpt lat="25.159485" lon="121.564407" />
      <trkpt lat="25.159330" lon="121.564382" />
      <trkpt lat="25.159235" lon="121.564342" />
      <trkpt lat="25.159163" lon="121.564270" />
      <trkpt lat="25.159032" lon="121.564056" />
      <trkpt lat="25.158961" lon="121.564038" />
      <trkpt lat="25.158896" lon="121.564065" />
      <trkpt lat="25.158820" lon="121.564141" />
      <trkpt lat="25.158789" lon="121.564224" />
      <trkpt lat="25.158782" lon="121.564316" />
      <trkpt lat="25.158828" lon="121.564437" />
      <trkpt lat="25.158979" lon="121.564631" />
      <trkpt lat="25.159160" lon="121.564831" />
      <trkpt lat="25.159286" lon="121.565036" />
      <trkpt lat="25.159333" lon="121.565149" />
      <trkpt lat="25.159304" lon="121.565282" />
      <trkpt lat="25.159235" lon="121.565403" />
      <trkpt lat="25.159140" lon="121.565418" />
      <trkpt lat="25.158873" lon="121.565291" />
      <trkpt lat="25.158502" lon="121.565265" />
      <trkpt lat="25.158413" lon="121.565258" />
      <trkpt lat="25.158246" lon="121.565176" />
      <trkpt lat="25.158151" lon="121.565081" />
      <trkpt lat="25.158097" lon="121.564953" />
      <trkpt lat="25.158073" lon="121.564831" />
      <trkpt lat="25.158076" lon="121.564521" />
      <trkpt lat="25.158051" lon="121.564416" />
      <trkpt lat="25.157985" lon="121.564295" />
      <trkpt lat="25.157704" lon="121.564028" />
      <trkpt lat="25.157693" lon="121.563918" />
      <trkpt lat="25.157744" lon="121.563831" />
      <trkpt lat="25.157824" lon="121.563764" />
      <trkpt lat="25.157914" lon="121.563644" />
      <trkpt lat="25.157917" lon="121.563534" />
      <trkpt lat="25.157864" lon="121.563485" />
      <trkpt lat="25.157784" lon="121.563493" />
      <trkpt lat="25.157614" lon="121.563555" />
      <trkpt lat="25.157429" lon="121.563615" />
      <trkpt lat="25.157311" lon="121.563613" />
      <trkpt lat="25.157202" lon="121.563580" />
      <trkpt lat="25.156930" lon="121.563437" />
      <trkpt lat="25.156846" lon="121.563342" />
      <trkpt lat="25.156816" lon="121.563217" />
      <trkpt lat="25.156853" lon="121.562842" />
      <trkpt lat="25.156880" lon="121.562761" />
      <trkpt lat="25.156922" lon="121.562716" />
      <trkpt lat="25.157092" lon="121.562580" />
      <trkpt lat="25.157192" lon="121.562461" />
      <trkpt lat="25.157239" lon="121.562311" />
      <trkpt lat="25.157216" lon="121.562211" />
      <trkpt lat="25.157151" lon="121.562041" />
      <trkpt lat="25.157035" lon="121.561856" />
      <trkpt lat="25.156927" lon="121.561755" />
      <trkpt lat="25.156564" lon="121.561503" />
      <trkpt lat="25.156447" lon="121.561463" />
      <trkpt lat="25.156382" lon="121.561484" />
      <trkpt lat="25.156334" lon="121.561533" />
      <trkpt lat="25.156314" lon="121.561611" />
      <trkpt lat="25.156384" lon="121.561900" />
      <trkpt lat="25.156378" lon="121.562040" />
      <trkpt lat="25.156296" lon="121.562101" />
      <trkpt lat="25.156228" lon="121.562137" />
      <trkpt lat="25.156110" lon="121.562171" />
      <trkpt lat="25.155964" lon="121.562161" />
      <trkpt lat="25.155802" lon="121.562138" />
      <trkpt lat="25.155690" lon="121.562178" />
      <trkpt lat="25.155601" lon="121.562280" />
      <trkpt lat="25.155445" lon="121.562410" />
      <trkpt lat="25.155296" lon="121.562427" />
      <trkpt lat="25.155149" lon="121.562370" />
      <trkpt lat="25.154690" lon="121.562072" />
      <trkpt lat="25.154619" lon="121.562037" />
      <trkpt lat="25.154553" lon="121.562029" />
      <trkpt lat="25.154511" lon="121.562037" />
      <trkpt lat="25.154466" lon="121.562067" />
      <trkpt lat="25.154427" lon="121.562115" />
      <trkpt lat="25.154394" lon="121.562182" />
      <trkpt lat="25.154377" lon="121.562283" />
      <trkpt lat="25.154376" lon="121.562364" />
      <trkpt lat="25.154388" lon="121.562435" />
      <trkpt lat="25.154489" lon="121.562685" />
      <trkpt lat="25.154505" lon="121.562746" />
      <trkpt lat="25.154495" lon="121.562830" />
      <trkpt lat="25.154474" lon="121.562899" />
      <trkpt lat="25.154269" lon="121.563178" />
      <trkpt lat="25.154221" lon="121.563209" />
      <trkpt lat="25.154169" lon="121.563218" />
      <trkpt lat="25.154154" lon="121.563221" />
      <trkpt lat="25.154094" lon="121.563204" />
      <trkpt lat="25.154039" lon="121.563181" />
      <trkpt lat="25.153247" lon="121.562498" />
      <trkpt lat="25.153068" lon="121.562435" />
      <trkpt lat="25.152843" lon="121.562399" />
      <trkpt lat="25.152173" lon="121.562196" />
      <trkpt lat="25.151848" lon="121.562101" />
      <trkpt lat="25.151677" lon="121.562058" />
      <trkpt lat="25.151513" lon="121.562023" />
      <trkpt lat="25.151395" lon="121.561967" />
      <trkpt lat="25.151276" lon="121.561878" />
      <trkpt lat="25.151403" lon="121.561675" />
      <trkpt lat="25.151448" lon="121.561539" />
      <trkpt lat="25.151537" lon="121.561267" />
      <trkpt lat="25.151647" lon="121.560950" />
      <trkpt lat="25.151665" lon="121.560811" />
      <trkpt lat="25.151688" lon="121.560558" />
      <trkpt lat="25.151699" lon="121.559801" />
      <trkpt lat="25.151766" lon="121.559327" />
      <trkpt lat="25.151774" lon="121.559068" />
      <trkpt lat="25.151765" lon="121.558816" />
      <trkpt lat="25.151726" lon="121.558644" />
      <trkpt lat="25.151683" lon="121.558445" />
      <trkpt lat="25.151661" lon="121.558411" />
      <trkpt lat="25.151556" lon="121.558253" />
      <trkpt lat="25.151422" lon="121.557952" />
      <trkpt lat="25.151323" lon="121.557740" />
      <trkpt lat="25.151204" lon="121.557601" />
      <trkpt lat="25.151017" lon="121.557368" />
      <trkpt lat="25.150939" lon="121.557243" />
      <trkpt lat="25.150884" lon="121.557017" />
      <trkpt lat="25.150886" lon="121.556756" />
      <trkpt lat="25.150942" lon="121.556380" />
      <trkpt lat="25.150949" lon="121.556270" />
      <trkpt lat="25.150898" lon="121.556178" />
      <trkpt lat="25.150793" lon="121.556111" />
      <trkpt lat="25.150534" lon="121.556020" />
      <trkpt lat="25.150416" lon="121.555943" />
      <trkpt lat="25.150353" lon="121.555807" />
      <trkpt lat="25.150339" lon="121.555629" />
      <trkpt lat="25.150325" lon="121.555323" />
      <trkpt lat="25.150357" lon="121.555211" />
      <trkpt lat="25.150408" lon="121.555123" />
      <trkpt lat="25.150413" lon="121.555121" />
      <trkpt lat="25.150540" lon="121.555067" />
      <trkpt lat="25.150637" lon="121.555060" />
      <trkpt lat="25.150733" lon="121.555102" />
      <trkpt lat="25.151527" lon="121.555500" />
      <trkpt lat="25.151735" lon="121.555707" />
      <trkpt lat="25.151835" lon="121.555852" />
      <trkpt lat="25.151876" lon="121.556010" />
      <trkpt lat="25.151849" lon="121.556212" />
      <trkpt lat="25.151865" lon="121.556349" />
      <trkpt lat="25.151925" lon="121.556440" />
      <trkpt lat="25.151969" lon="121.556459" />
      <trkpt lat="25.152022" lon="121.556477" />
      <trkpt lat="25.152094" lon="121.556473" />
      <trkpt lat="25.152157" lon="121.556440" />
      <trkpt lat="25.152211" lon="121.556382" />
      <trkpt lat="25.152249" lon="121.556302" />
      <trkpt lat="25.152240" lon="121.556153" />
      <trkpt lat="25.152179" lon="121.556002" />
      <trkpt lat="25.152089" lon="121.555751" />
      <trkpt lat="25.151884" lon="121.555260" />
      <trkpt lat="25.151669" lon="121.554919" />
      <trkpt lat="25.151489" lon="121.554654" />
      <trkpt lat="25.151080" lon="121.554127" />
      <trkpt lat="25.150877" lon="121.553815" />
      <trkpt lat="25.150733" lon="121.553652" />
      <trkpt lat="25.150636" lon="121.553557" />
      <trkpt lat="25.149875" lon="121.552983" />
      <trkpt lat="25.149704" lon="121.552837" />
      <trkpt lat="25.149655" lon="121.552757" />
      <trkpt lat="25.149637" lon="121.552650" />
      <trkpt lat="25.149666" lon="121.552572" />
      <trkpt lat="25.149747" lon="121.552460" />
      <trkpt lat="25.149796" lon="121.552336" />
      <trkpt lat="25.149815" lon="121.552256" />
      <trkpt lat="25.149803" lon="121.552148" />
      <trkpt lat="25.149703" lon="121.552016" />
      <trkpt lat="25.149668" lon="121.551860" />
      <trkpt lat="25.149691" lon="121.551744" />
      <trkpt lat="25.149728" lon="121.551653" />
      <trkpt lat="25.149850" lon="121.551545" />
      <trkpt lat="25.150322" lon="121.551243" />
      <trkpt lat="25.150402" lon="121.551188" />
      <trkpt lat="25.150516" lon="121.551108" />
      <trkpt lat="25.150624" lon="121.551016" />
      <trkpt lat="25.150784" lon="121.550840" />
      <trkpt lat="25.151188" lon="121.550186" />
      <trkpt lat="25.151234" lon="121.550069" />
      <trkpt lat="25.151266" lon="121.549912" />
      <trkpt lat="25.151313" lon="121.549706" />
    </trkseg>
  </trk>
</gpx>